{
    "cold-run-mode": {
        "raw": {
            "first": 0.41944217681884766,
            "avg": 0.4549513101577759,
            "from": 0,
            "to": 83
        },
        "sequentially": {
            "first": 0.5117781162261963,
            "avg": 0.5165631651878357,
            "from": 0,
            "to": 83
        },
        "childs": {
            "0": {
                "first": 0.027619123458862305,
                "avg": 0.02545607089996338,
                "from": 0,
                "to": 2
            },
            "1": {
                "first": 0.017577171325683594,
                "avg": 0.016727530956268312,
                "from": 3,
                "to": 11
            },
            "2": {
                "first": 0.32390594482421875,
                "avg": 0.33773815631866455,
                "from": 12,
                "to": 79
            },
            "3": {
                "first": 0.13610172271728516,
                "avg": 0.1286589980125427,
                "from": 80,
                "to": 83
            }
        }
    },
    "throughout-mode": {
        "raw": {
            "avg": 0.006375944614410401,
            "from": 0,
            "to": 83
        },
        "childs": {
            "0": {
                "avg": 0.006145747502644857,
                "from": 0,
                "to": 2
            },
            "1": {
                "avg": 0.004437053203582763,
                "from": 3,
                "to": 11
            },
            "2": {
                "avg": 0.004429296652475993,
                "from": 12,
                "to": 79
            },
            "3": {
                "avg": 0.0012262145678202311,
                "from": 80,
                "to": 83
            }
        }
    }
}