{
    "cold-run-mode": {
        "raw": {
            "first": 0.34035277366638184,
            "avg": 0.4301618218421936,
            "from": 0,
            "to": 83
        },
        "sequentially": {
            "first": 0.5193138122558594,
            "avg": 0.483729875087738,
            "from": 0,
            "to": 83
        },
        "childs": {
            "0": {
                "first": 0.018880367279052734,
                "avg": 0.02302870750427246,
                "from": 0,
                "to": 1
            },
            "1": {
                "first": 0.01607513427734375,
                "avg": 0.014983975887298584,
                "from": 2,
                "to": 7
            },
            "2": {
                "first": 0.03797149658203125,
                "avg": 0.04149253368377685,
                "from": 8,
                "to": 39
            },
            "3": {
                "first": 0.36917567253112793,
                "avg": 0.3891795873641968,
                "from": 40,
                "to": 83
            }
        }
    },
    "throughout-mode": {
        "raw": {
            "avg": 0.006147499879201253,
            "from": 0,
            "to": 83
        },
        "childs": {
            "0": {
                "avg": 0.005961191654205322,
                "from": 0,
                "to": 1
            },
            "1": {
                "avg": 0.0040907621383666996,
                "from": 2,
                "to": 7
            },
            "2": {
                "avg": 0.001636974016825358,
                "from": 8,
                "to": 39
            },
            "3": {
                "avg": 0.004122376441955566,
                "from": 40,
                "to": 83
            }
        }
    }
}