{
    "cold-run-mode": {
        "raw": {
            "first": 0.4065074920654297,
            "avg": 0.43861769437789916,
            "from": 0,
            "to": 83
        },
        "sequentially": {
            "first": 0.4940476417541504,
            "avg": 0.4761183738708496,
            "from": 0,
            "to": 83
        },
        "childs": {
            "0": {
                "first": 0.01986980438232422,
                "avg": 0.024305856227874754,
                "from": 0,
                "to": 0
            },
            "1": {
                "first": 0.017334461212158203,
                "avg": 0.01679205894470215,
                "from": 1,
                "to": 6
            },
            "2": {
                "first": 0.04497098922729492,
                "avg": 0.04492273330688477,
                "from": 7,
                "to": 38
            },
            "3": {
                "first": 0.34999537467956543,
                "avg": 0.3632123827934265,
                "from": 39,
                "to": 83
            }
        }
    },
    "throughout-mode": {
        "raw": {
            "avg": 0.006137613455454508,
            "from": 0,
            "to": 83
        },
        "childs": {
            "0": {
                "avg": 0.005847016970316569,
                "from": 0,
                "to": 0
            },
            "1": {
                "avg": 0.0058812260627746586,
                "from": 1,
                "to": 6
            },
            "2": {
                "avg": 0.0023976723353068036,
                "from": 7,
                "to": 38
            },
            "3": {
                "avg": 0.0041180570920308435,
                "from": 39,
                "to": 83
            }
        }
    }
}