{
    "cold-run-mode": {
        "raw": {
            "first": 0.48267531394958496,
            "avg": 0.452674412727356,
            "from": 0,
            "to": 83
        },
        "sequentially": {
            "first": 0.7545464038848877,
            "avg": 0.7141843199729919,
            "from": 0,
            "to": 83
        },
        "childs": {
            "0": {
                "first": 0.02659440040588379,
                "avg": 0.02427067756652832,
                "from": 0,
                "to": 0
            },
            "1": {
                "first": 0.023302555084228516,
                "avg": 0.023529231548309326,
                "from": 1,
                "to": 1
            },
            "2": {
                "first": 0.023206233978271484,
                "avg": 0.02328641414642334,
                "from": 2,
                "to": 2
            },
            "3": {
                "first": 0.010651588439941406,
                "avg": 0.010277128219604493,
                "from": 3,
                "to": 3
            },
            "4": {
                "first": 0.011814594268798828,
                "avg": 0.011561715602874756,
                "from": 4,
                "to": 4
            },
            "5": {
                "first": 0.009205102920532227,
                "avg": 0.00938410758972168,
                "from": 5,
                "to": 5
            },
            "6": {
                "first": 0.009006500244140625,
                "avg": 0.009524285793304443,
                "from": 6,
                "to": 6
            },
            "7": {
                "first": 0.006975889205932617,
                "avg": 0.006774377822875976,
                "from": 7,
                "to": 7
            },
            "8": {
                "first": 0.010500669479370117,
                "avg": 0.008648598194122314,
                "from": 8,
                "to": 8
            },
            "9": {
                "first": 0.006488323211669922,
                "avg": 0.006507587432861328,
                "from": 9,
                "to": 9
            },
            "10": {
                "first": 0.006371021270751953,
                "avg": 0.006381762027740478,
                "from": 10,
                "to": 10
            },
            "11": {
                "first": 0.006912946701049805,
                "avg": 0.006691968441009522,
                "from": 11,
                "to": 11
            },
            "12": {
                "first": 0.0052337646484375,
                "avg": 0.005086278915405274,
                "from": 12,
                "to": 12
            },
            "13": {
                "first": 0.004934787750244141,
                "avg": 0.004964876174926758,
                "from": 13,
                "to": 13
            },
            "14": {
                "first": 0.00832676887512207,
                "avg": 0.008238041400909423,
                "from": 14,
                "to": 14
            },
            "15": {
                "first": 0.00660395622253418,
                "avg": 0.006524360179901123,
                "from": 15,
                "to": 15
            },
            "16": {
                "first": 0.006398200988769531,
                "avg": 0.00640721321105957,
                "from": 16,
                "to": 16
            },
            "17": {
                "first": 0.005543231964111328,
                "avg": 0.005269360542297363,
                "from": 17,
                "to": 17
            },
            "18": {
                "first": 0.008578777313232422,
                "avg": 0.008461582660675048,
                "from": 18,
                "to": 18
            },
            "19": {
                "first": 0.005342245101928711,
                "avg": 0.005202841758728027,
                "from": 19,
                "to": 19
            },
            "20": {
                "first": 0.005045652389526367,
                "avg": 0.005077731609344482,
                "from": 20,
                "to": 20
            },
            "21": {
                "first": 0.006267070770263672,
                "avg": 0.006096577644348145,
                "from": 21,
                "to": 21
            },
            "22": {
                "first": 0.004639148712158203,
                "avg": 0.004554319381713867,
                "from": 22,
                "to": 22
            },
            "23": {
                "first": 0.004418849945068359,
                "avg": 0.004416465759277344,
                "from": 23,
                "to": 23
            },
            "24": {
                "first": 0.008521318435668945,
                "avg": 0.008716273307800292,
                "from": 24,
                "to": 24
            },
            "25": {
                "first": 0.005540609359741211,
                "avg": 0.0052593469619750975,
                "from": 25,
                "to": 25
            },
            "26": {
                "first": 0.0051305294036865234,
                "avg": 0.005103206634521485,
                "from": 26,
                "to": 26
            },
            "27": {
                "first": 0.004645347595214844,
                "avg": 0.0044971942901611325,
                "from": 27,
                "to": 27
            },
            "28": {
                "first": 0.011481046676635742,
                "avg": 0.011834990978240967,
                "from": 28,
                "to": 28
            },
            "29": {
                "first": 0.0053386688232421875,
                "avg": 0.004614138603210449,
                "from": 29,
                "to": 29
            },
            "30": {
                "first": 0.004459381103515625,
                "avg": 0.004683160781860351,
                "from": 30,
                "to": 30
            },
            "31": {
                "first": 0.007178306579589844,
                "avg": 0.006910538673400879,
                "from": 31,
                "to": 31
            },
            "32": {
                "first": 0.004694223403930664,
                "avg": 0.004644918441772461,
                "from": 32,
                "to": 32
            },
            "33": {
                "first": 0.004536151885986328,
                "avg": 0.004518091678619385,
                "from": 33,
                "to": 33
            },
            "34": {
                "first": 0.01226353645324707,
                "avg": 0.01314699649810791,
                "from": 34,
                "to": 34
            },
            "35": {
                "first": 0.00527501106262207,
                "avg": 0.004569399356842041,
                "from": 35,
                "to": 35
            },
            "36": {
                "first": 0.004408836364746094,
                "avg": 0.004404914379119873,
                "from": 36,
                "to": 36
            },
            "37": {
                "first": 0.006349086761474609,
                "avg": 0.006147241592407227,
                "from": 37,
                "to": 37
            },
            "38": {
                "first": 0.004151344299316406,
                "avg": 0.004082822799682617,
                "from": 38,
                "to": 38
            },
            "39": {
                "first": 0.003941535949707031,
                "avg": 0.003955686092376709,
                "from": 39,
                "to": 39
            },
            "40": {
                "first": 0.011376380920410156,
                "avg": 0.01188424825668335,
                "from": 40,
                "to": 40
            },
            "41": {
                "first": 0.005259037017822266,
                "avg": 0.004565060138702393,
                "from": 41,
                "to": 41
            },
            "42": {
                "first": 0.004401206970214844,
                "avg": 0.004415619373321533,