{
    "cold-run-mode": {
        "raw": {
            "first": 0.45347023010253906,
            "avg": 0.47682900428771974
        },
        "sequentially": {
            "first": 0.8176074028015137,
            "avg": 0.8013853669166565
        },
        "childs": {
            "0": {
                "first": 0.025300264358520508,
                "avg": 0.02454754114151001
            },
            "1": {
                "first": 0.025020599365234375,
                "avg": 0.025112032890319824
            },
            "2": {
                "first": 0.023802518844604492,
                "avg": 0.023984229564666747
            },
            "3": {
                "first": 0.011171579360961914,
                "avg": 0.010837185382843017
            },
            "4": {
                "first": 0.012139320373535156,
                "avg": 0.013097560405731202
            },
            "5": {
                "first": 0.009449243545532227,
                "avg": 0.010144221782684325
            },
            "6": {
                "first": 0.009479284286499023,
                "avg": 0.009928393363952636
            },
            "7": {
                "first": 0.007256746292114258,
                "avg": 0.0071008563041687015
            },
            "8": {
                "first": 0.011359930038452148,
                "avg": 0.008662235736846925
            },
            "9": {
                "first": 0.006692409515380859,
                "avg": 0.006942451000213623
            },
            "10": {
                "first": 0.006773948669433594,
                "avg": 0.006627130508422852
            },
            "11": {
                "first": 0.0071141719818115234,
                "avg": 0.0068980932235717775
            },
            "12": {
                "first": 0.005376100540161133,
                "avg": 0.005234241485595703
            },
            "13": {
                "first": 0.005007028579711914,
                "avg": 0.005093777179718017
            },
            "14": {
                "first": 0.008545875549316406,
                "avg": 0.008533048629760741
            },
            "15": {
                "first": 0.0067212581634521484,
                "avg": 0.0067536234855651855
            },
            "16": {
                "first": 0.006565570831298828,
                "avg": 0.0066951274871826175
            },
            "17": {
                "first": 0.0055882930755615234,
                "avg": 0.0053528428077697756
            },
            "18": {
                "first": 0.008901596069335938,
                "avg": 0.00882260799407959
            },
            "19": {
                "first": 0.0055615901947021484,
                "avg": 0.005324530601501465
            },
            "20": {
                "first": 0.00531315803527832,
                "avg": 0.005235981941223144
            },
            "21": {
                "first": 0.006464719772338867,
                "avg": 0.006296098232269287
            },
            "22": {
                "first": 0.004987239837646484,
                "avg": 0.004582023620605469
            },
            "23": {
                "first": 0.004437446594238281,
                "avg": 0.004429852962493897
            },
            "24": {
                "first": 0.008607864379882812,
                "avg": 0.008816385269165039
            },
            "25": {
                "first": 0.005567073822021484,
                "avg": 0.005415117740631104
            },
            "26": {
                "first": 0.006009817123413086,
                "avg": 0.006167805194854737
            },
            "27": {
                "first": 0.0047130584716796875,
                "avg": 0.004713320732116699
            },
            "28": {
                "first": 0.012288570404052734,
                "avg": 0.012697052955627442
            },
            "29": {
                "first": 0.005304813385009766,
                "avg": 0.004584169387817383
            },
            "30": {
                "first": 0.004450321197509766,
                "avg": 0.004418504238128662
            },
            "31": {
                "first": 0.006397247314453125,
                "avg": 0.00615619421005249
            },
            "32": {
                "first": 0.004160404205322266,
                "avg": 0.004027652740478516
            },
            "33": {
                "first": 0.003935813903808594,
                "avg": 0.003938126564025879
            },
            "34": {
                "first": 0.011523723602294922,
                "avg": 0.012010133266448975
            },
            "35": {
                "first": 0.005331754684448242,
                "avg": 0.004555714130401611
            },
            "36": {
                "first": 0.00438380241394043,
                "avg": 0.0044022083282470705
            },
            "37": {
                "first": 0.0062656402587890625,
                "avg": 0.006097710132598877
            },
            "38": {
                "first": 0.004106760025024414,
                "avg": 0.004046189785003662
            },
            "39": {
                "first": 0.00396418571472168,
                "avg": 0.003922462463378906
            },
            "40": {
                "first": 0.01144719123840332,
                "avg": 0.011940741539001464
            },
            "41": {
                "first": 0.005358457565307617,
                "avg": 0.004555809497833252
            },
            "42": {
                "first": 0.0043904781341552734,
                "avg": 0.0043974161148071286
            },
            "43": {
                "first": 0.004596233367919922,
                "avg": 0.004644918441772461
            },
            "44": {
                "first": 0.027583599090576172,
                "avg": 0.027931070327758788
            },
            "45": {
                "first": 0.005541563034057617,
                "avg": 0.004291307926177978
            },
            "46": {
                "first": 0.004172801971435547,
                "avg": 0.004113304615020752
            },
            "47": {
                "first": 0.006937503814697266,
                "avg": 0.00702972412109375
            },
            "48": {
                "first": 0.004130363464355469,
                "avg": 0.0038727521896362305
            },
            "49": {
                "first": 0.0037758350372314453,
                "avg": 0.0037509799003601074
            },
            "50": {
                "first": 0.02701711654663086,
                "avg": 0.028603363037109374
            },
            "51": {
                "first": 0.005593776702880859,
                "avg": 0.004337978363037109
            },
            "52": {
                "first": 0.0042154788970947266,
                "avg": 0.004120075702667236
            },
            "53": {
                "first": 0.006973981857299805,
                "avg": 0.007041835784912109
            },
            "54": {
                "first": 0.004239559173583984,
                "avg": 0.0038713693618774416
            },
            "55": {
                "first": 0.0037336349487304688,
                "avg": 0.003755319118499756
            },
            "56": {
                "first": 0.02720046043395996,
                "avg": 0.028386104106903075
            },
            "57": {
                "first": 0.005582332611083984,
                "avg": 0.0043166279792785645
            },
            "58": {
                "first": 0.004172325134277344,
                "avg": 0.0041304945945739744
            },
            "59": {
                "first": 0.06197619438171387,
                "avg": 0.06079808473587036
            },
            "60": {
                "first": 0.005257844924926758,
                "avg": 0.004324042797088623
            },