{
    "cold-run-mode": {
        "raw": {
            "first": 0.11399364471435547,
            "avg": 0.08937426805496215,
            "from": 0,
            "to": 64
        },
        "sequentially": {
            "first": 0.16637635231018066,
            "avg": 0.15387325286865233,
            "from": 0,
            "to": 64
        },
        "childs": {
            "0": {
                "first": 0.06923437118530273,
                "avg": 0.06283786296844482,
                "from": 0,
                "to": 1
            },
            "1": {
                "first": 0.031876325607299805,
                "avg": 0.03186039924621582,
                "from": 2,
                "to": 18
            },
            "2": {
                "first": 0.019216537475585938,
                "avg": 0.01919233798980713,
                "from": 19,
                "to": 29
            },
            "3": {
                "first": 0.03917217254638672,
                "avg": 0.04226706027984619,
                "from": 30,
                "to": 64
            }
        }
    },
    "throughout-mode": {
        "raw": {
            "avg": 0.004993402957916259,
            "from": 0,
            "to": 64
        },
        "childs": {
            "0": {
                "avg": 0.022432871659596763,
                "from": 0,
                "to": 1
            },
            "1": {
                "avg": 0.012405880292256673,
                "from": 2,
                "to": 18
            },
            "2": {
                "avg": 0.004557383060455322,
                "from": 19,
                "to": 29
            },
            "3": {
                "avg": 0.002877342700958252,
                "from": 30,
                "to": 64
            }
        }
    }
}