{
    "cold-run-mode": {
        "raw": {
            "first": 0.11169171333312988,
            "avg": 0.08224629163742066,
            "from": 0,
            "to": 64
        },
        "sequentially": {
            "first": 0.1567549705505371,
            "avg": 0.16047812700271608,
            "from": 0,
            "to": 64
        },
        "childs": {
            "0": {
                "first": 0.07007360458374023,
                "avg": 0.06813511848449708,
                "from": 0,
                "to": 0
            },
            "1": {
                "first": 0.03395581245422363,
                "avg": 0.033739876747131345,
                "from": 1,
                "to": 17
            },
            "2": {
                "first": 0.016742706298828125,
                "avg": 0.016304540634155273,
                "from": 18,
                "to": 28
            },
            "3": {
                "first": 0.03949141502380371,
                "avg": 0.04560863971710205,
                "from": 29,
                "to": 64
            }
        }
    },
    "throughout-mode": {
        "raw": {
            "avg": 0.004932204882303874,
            "from": 0,
            "to": 64
        },
        "childs": {
            "0": {
                "avg": 0.026009690761566163,
                "from": 0,
                "to": 0
            },
            "1": {
                "avg": 0.011007054646809896,
                "from": 1,
                "to": 17
            },
            "2": {
                "avg": 0.0031490047772725423,
                "from": 18,
                "to": 28
            },
            "3": {
                "avg": 0.002593215306599935,
                "from": 29,
                "to": 64
            }
        }
    }
}