{
    "cold-run-mode": {
        "raw": {
            "first": 0.11479616165161133,
            "avg": 0.0875053882598877,
            "from": 0,
            "to": 64
        },
        "sequentially": {
            "first": 0.15149974822998047,
            "avg": 0.14189134836196898,
            "from": 0,
            "to": 64
        },
        "childs": {
            "0": {
                "first": 0.039377450942993164,
                "avg": 0.04100676774978638,
                "from": 0,
                "to": 1
            },
            "1": {
                "first": 0.04409980773925781,
                "avg": 0.04951274394989014,
                "from": 2,
                "to": 23
            },
            "2": {
                "first": 0.040235042572021484,
                "avg": 0.04282896518707276,
                "from": 24,
                "to": 53
            },
            "3": {
                "first": 0.017206192016601562,
                "avg": 0.01411280632019043,
                "from": 54,
                "to": 64
            }
        }
    },
    "throughout-mode": {
        "raw": {
            "avg": 0.005033175150553386,
            "from": 0,
            "to": 64
        },
        "childs": {
            "0": {
                "avg": 0.02513507604598999,
                "from": 0,
                "to": 1
            },
            "1": {
                "avg": 0.022682575384775798,
                "from": 2,
                "to": 23
            },
            "2": {
                "avg": 0.008489100138346355,
                "from": 24,
                "to": 53
            },
            "3": {
                "avg": 0.0010257840156555175,
                "from": 54,
                "to": 64
            }
        }
    }
}