{
    "cold-run-mode": {
        "raw": {
            "first": 0.1192159652709961,
            "avg": 0.08781681060791016,
            "from": 0,
            "to": 64
        },
        "sequentially": {
            "first": 0.56463623046875,
            "avg": 0.5368321418762207,
            "from": 0,
            "to": 64
        },
        "childs": {
            "0": {
                "first": 0.06960153579711914,
                "avg": 0.07078424692153931,
                "from": 0,
                "to": 0
            },
            "1": {
                "first": 0.06916570663452148,
                "avg": 0.06919184923171998,
                "from": 1,
                "to": 1
            },
            "2": {
                "first": 0.023940324783325195,
                "avg": 0.02526223659515381,
                "from": 2,
                "to": 2
            },
            "3": {
                "first": 0.00990748405456543,
                "avg": 0.009240162372589112,
                "from": 3,
                "to": 3
            },
            "4": {
                "first": 0.00597071647644043,
                "avg": 0.0049801826477050785,
                "from": 4,
                "to": 4
            },
            "5": {
                "first": 0.025292158126831055,
                "avg": 0.02407081127166748,
                "from": 5,
                "to": 9
            },
            "6": {
                "first": 0.010711431503295898,
                "avg": 0.0101531982421875,
                "from": 10,
                "to": 10
            },
            "7": {
                "first": 0.005185604095458984,
                "avg": 0.004947292804718018,
                "from": 11,
                "to": 11
            },
            "8": {
                "first": 0.01627492904663086,
                "avg": 0.015758442878723144,
                "from": 12,
                "to": 16
            },
            "9": {
                "first": 0.011119842529296875,
                "avg": 0.010800135135650635,
                "from": 17,
                "to": 17
            },
            "10": {
                "first": 0.006537199020385742,
                "avg": 0.00632694959640503,
                "from": 18,
                "to": 18
            },
            "11": {
                "first": 0.0461580753326416,
                "avg": 0.046499121189117434,
                "from": 19,
                "to": 23
            },
            "12": {
                "first": 0.016721725463867188,
                "avg": 0.015909719467163085,
                "from": 24,
                "to": 24
            },
            "13": {
                "first": 0.007718086242675781,
                "avg": 0.00725630521774292,
                "from": 25,
                "to": 25
            },
            "14": {
                "first": 0.0046007633209228516,
                "avg": 0.00428990125656128,
                "from": 26,
                "to": 26
            },
            "15": {
                "first": 0.015931367874145508,
                "avg": 0.011765193939208985,
                "from": 27,
                "to": 31
            },
            "16": {
                "first": 0.0080413818359375,
                "avg": 0.0077781081199646,
                "from": 32,
                "to": 32
            },
            "17": {
                "first": 0.004854440689086914,
                "avg": 0.004655027389526367,
                "from": 33,
                "to": 33
            },
            "18": {
                "first": 0.015462398529052734,
                "avg": 0.014826345443725585,
                "from": 34,
                "to": 38
            },
            "19": {
                "first": 0.009872198104858398,
                "avg": 0.009398508071899413,
                "from": 39,
                "to": 39
            },
            "20": {
                "first": 0.005499601364135742,
                "avg": 0.004696297645568848,
                "from": 40,
                "to": 40
            },
            "21": {
                "first": 0.02187824249267578,
                "avg": 0.021055662631988527,
                "from": 41,
                "to": 45
            },
            "22": {
                "first": 0.010174989700317383,
                "avg": 0.009669661521911621,
                "from": 46,
                "to": 46
            },
            "23": {
                "first": 0.005188941955566406,
                "avg": 0.004937267303466797,
                "from": 47,
                "to": 47
            },
            "24": {
                "first": 0.02555537223815918,
                "avg": 0.027266407012939455,
                "from": 48,
                "to": 52
            },
            "25": {
                "first": 0.011374235153198242,
                "avg": 0.010475385189056396,
                "from": 53,
                "to": 53
            },
            "26": {
                "first": 0.0061511993408203125,
                "avg": 0.005775082111358643,
                "from": 54,
                "to": 54
            },
            "27": {
                "first": 0.00405120849609375,
                "avg": 0.0038038134574890138,
                "from": 55,
                "to": 55
            },
            "28": {
                "first": 0.011867284774780273,
                "avg": 0.009461498260498047,
                "from": 56,
                "to": 60
            },
            "29": {
                "first": 0.015464067459106445,
                "avg": 0.012563633918762206,
                "from": 61,
                "to": 61
            },
            "30": {
                "first": 0.008743524551391602,
                "avg": 0.008592677116394044,
                "from": 62,
                "to": 62
            },
            "31": {
                "first": 0.005926847457885742,
                "avg": 0.005523741245269775,
                "from": 63,
                "to": 63
            },
            "32": {
                "first": 0.003629922866821289,
                "avg": 0.0033810615539550783,
                "from": 64,
                "to": 64
            }
        }
    },
    "throughout-mode": {
        "raw": {
            "avg": 0.005008232593536377,
            "from": 0,
            "to": 64
        },
        "childs": {
            "0": {
                "avg": 0.027112293243408202,
                "from": 0,
                "to": 0
            },
            "1": {
                "avg": 0.0350027879079183,
                "from": 1,
                "to": 1
            },
            "2": {
                "avg": 0.014404022693634033,
                "from": 2,
                "to": 2
            },
            "3": {
                "avg": 0.0030023694038391114,
                "from": 3,
                "to": 3
            },
            "4": {
                "avg": 0.0010817488034566244,
                "from": 4,
                "to": 4
            },
            "5": {
                "avg": 0.00621102253595988,
                "from": 5,
                "to": 9
            },
            "6": {
                "avg": 0.003923110167185466,
                "from": 10,
                "to": 10
            },
            "7": {
                "avg": 0.0010815143585205078,
                "from": 11,
                "to": 11
            },
            "8": {
                "avg": 0.0061539371808369955,
                "from": 12,
                "to": 16
            },
            "9": {
                "avg": 0.004683669408162435,
                "from": 17,
                "to": 17
            },
            "10": {
                "avg": 0.002052712440490723,
                "from": 18,
                "to": 18
            },
            "11": {
                "avg": 0.01811347802480062,
                "from": 19,