{
    "cold-run-mode": {
        "raw": {
            "first": 0.9822249412536621,
            "avg": 0.0915573000907898,
            "from": 0,
            "to": 64
        },
        "sequentially": {
            "first": 0.09233236312866211,
            "avg": 0.08812682628631592,
            "from": 0,
            "to": 64
        },
        "childs": {
            "0": {
                "first": 0.08367180824279785,
                "avg": 0.08884726762771607,
                "from": 0,
                "to": 64
            }
        }
    },
    "throughout-mode": {
        "raw": {
            "avg": 0.00491932233174642,
            "from": 0,
            "to": 64
        },
        "childs": {
            "0": {
                "avg": 0.00479198694229126,
                "from": 0,
                "to": 64
            }
        }
    }
}