{
    "googlenet": {
        "GPU": {
            "count": 5,
            "whole_time_by_onnx": [
                10.5890474319458,
                10.209078550338745,
                10.294520139694214,
                10.191830158233643,
                10.259084701538086
            ],
            "whole_time_by_function": [
                0.41434359550476074,
                0.41398143768310547,
                0.42059874534606934,
                0.421234130859375,
                0.4068484306335449
            ],
            "whole_time_by_child": [
                {
                    "childs": [
                        0.07524704933166504,
                        0.0768575668334961,
                        0.08073830604553223,
                        0.08072018623352051,
                        0.08325624465942383,
                        0.07639813423156738,
                        0.08176255226135254,
                        0.09573912620544434,
                        0.08681416511535645,
                        0.0843658447265625,
                        0.0833587646484375,
                        0.1351768970489502,
                        0.24714994430541992,
                        0.2161238193511963,
                        0.07218050956726074,
                        0.07640862464904785,
                        0.08109116554260254,
                        0.08234119415283203,
                        0.14574933052062988,
                        0.07975912094116211
                    ],
                    "whole": 2.042449474334717
                },
                {
                    "childs": [
                        0.08456230163574219,
                        0.08505678176879883,
                        0.08351802825927734,
                        0.08092808723449707,
                        0.08128571510314941,
                        0.0819849967956543,
                        0.07896971702575684,
                        0.0948636531829834,
                        0.08582711219787598,
                        0.08327054977416992,
                        0.08524274826049805,
                        0.12763118743896484,
                        0.2357330322265625,
                        0.2148125171661377,
                        0.0795431137084961,
                        0.07530450820922852,
                        0.08090615272521973,
                        0.08171820640563965,
                        0.14578676223754883,
                        0.08034396171569824
                    ],
                    "whole": 2.048536539077759
                },
                {
                    "childs": [
                        0.0860145092010498,
                        0.08501505851745605,
                        0.08537459373474121,
                        0.07925844192504883,
                        0.08113622665405273,
                        0.07976675033569336,
                        0.07516908645629883,
                        0.09690356254577637,
                        0.0828557014465332,
                        0.08350038528442383,
                        0.08415913581848145,
                        0.13381075859069824,
                        0.23601913452148438,
                        0.20789051055908203,
                        0.07282209396362305,
                        0.07649707794189453,
                        0.07804441452026367,
                        0.08123207092285156,
                        0.1375572681427002,
                        0.07779169082641602
                    ],
                    "whole": 2.023078441619873
                },
                {
                    "childs": [
                        0.08806395530700684,
                        0.08854031562805176,
                        0.08364391326904297,
                        0.08263325691223145,
                        0.08468317985534668,
                        0.08167886734008789,
                        0.08216404914855957,
                        0.09457278251647949,
                        0.08485269546508789,
                        0.08449792861938477,
                        0.085662841796875,
                        0.13357806205749512,
                        0.24242711067199707,
                        0.20337724685668945,
                        0.07340073585510254,
                        0.07861113548278809,
                        0.08050370216369629,
                        0.08621501922607422,
                        0.14168214797973633,
                        0.07848525047302246
                    ],
                    "whole": 2.0605521202087402
                },
                {
                    "childs": [
                        0.08735084533691406,
                        0.08549332618713379,
                        0.08431386947631836,
                        0.07981753349304199,
                        0.08255386352539062,
                        0.08148860931396484,
                        0.08344697952270508,
                        0.0961604118347168,
                        0.08779668807983398,
                        0.09105038642883301,
                        0.08620882034301758,
                        0.1390705108642578,
                        0.23105525970458984,
                        0.19542288780212402,
                        0.07136654853820801,
                        0.0780179500579834,
                        0.07964801788330078,
                        0.08011245727539062,
                        0.14754748344421387,
                        0.07902956008911133
                    ],
                    "whole": 2.0481770038604736
                }
            ]
        }
    }
}