{
    "cold-run-mode": {
        "raw": {
            "first": 0.05356335639953613,
            "avg": 0.04548885822296143,
            "from": 0,
            "to": 64
        },
        "sequentially": {
            "first": 0.1244204044342041,
            "avg": 0.11687226295471191,
            "from": 0,
            "to": 64
        },
        "childs": {
            "0": {
                "first": 0.05145716667175293,
                "avg": 0.05396836996078491,
                "from": 0,
                "to": 0
            },
            "1": {
                "first": 0.02283954620361328,
                "avg": 0.02096126079559326,
                "from": 1,
                "to": 17
            },
            "2": {
                "first": 0.015636920928955078,
                "avg": 0.01527719497680664,
                "from": 18,
                "to": 28
            },
            "3": {
                "first": 0.024922609329223633,
                "avg": 0.024750065803527833,
                "from": 29,
                "to": 64
            }
        }
    },
    "throughout-mode": {
        "raw": {
            "avg": 0.025957338015238442,
            "from": 0,
            "to": 64
        },
        "childs": {
            "0": {
                "avg": 0.032462080319722496,
                "from": 0,
                "to": 0
            },
            "1": {
                "avg": 0.012974035739898682,
                "from": 1,
                "to": 17
            },
            "2": {
                "avg": 0.007468783855438232,
                "from": 18,
                "to": 28
            },
            "3": {
                "avg": 0.013924709955851237,
                "from": 29,
                "to": 64
            }
        }
    }
}