{
    "cold-run-mode": {
        "raw": {
            "first": 0.05877351760864258,
            "avg": 0.04734262228012085,
            "from": 0,
            "to": 64
        },
        "sequentially": {
            "first": 0.10921502113342285,
            "avg": 0.11785837411880493,
            "from": 0,
            "to": 64
        },
        "childs": {
            "0": {
                "first": 0.05361771583557129,
                "avg": 0.055742514133453366,
                "from": 0,
                "to": 1
            },
            "1": {
                "first": 0.02037191390991211,
                "avg": 0.018908429145812988,
                "from": 2,
                "to": 18
            },
            "2": {
                "first": 0.01582169532775879,
                "avg": 0.01683253049850464,
                "from": 19,
                "to": 29
            },
            "3": {
                "first": 0.024659156799316406,
                "avg": 0.02473670244216919,
                "from": 30,
                "to": 64
            }
        }
    },
    "throughout-mode": {
        "raw": {
            "avg": 0.027547943592071533,
            "from": 0,
            "to": 64
        },
        "childs": {
            "0": {
                "avg": 0.03465230067571004,
                "from": 0,
                "to": 1
            },
            "1": {
                "avg": 0.010385413964589437,
                "from": 2,
                "to": 18
            },
            "2": {
                "avg": 0.009253052870432536,
                "from": 19,
                "to": 29
            },
            "3": {
                "avg": 0.013193917274475098,
                "from": 30,
                "to": 64
            }
        }
    }
}