{
    "cold-run-mode": {
        "raw": {
            "first": 0.05578494071960449,
            "avg": 0.0457859992980957,
            "from": 0,
            "to": 64
        },
        "sequentially": {
            "first": 0.13919782638549805,
            "avg": 0.13175312280654908,
            "from": 0,
            "to": 64
        },
        "childs": {
            "0": {
                "first": 0.05146217346191406,
                "avg": 0.05363302230834961,
                "from": 0,
                "to": 1
            },
            "1": {
                "first": 0.04450178146362305,
                "avg": 0.042261254787445066,
                "from": 2,
                "to": 23
            },
            "2": {
                "first": 0.022527217864990234,
                "avg": 0.022370243072509767,
                "from": 24,
                "to": 53
            },
            "3": {
                "first": 0.010907173156738281,
                "avg": 0.011046767234802246,
                "from": 54,
                "to": 64
            }
        }
    },
    "throughout-mode": {
        "raw": {
            "avg": 0.026120591163635253,
            "from": 0,
            "to": 64
        },
        "childs": {
            "0": {
                "avg": 0.03239877621332805,
                "from": 0,
                "to": 1
            },
            "1": {
                "avg": 0.03169965744018555,
                "from": 2,
                "to": 23
            },
            "2": {
                "avg": 0.012613677978515625,
                "from": 24,
                "to": 53
            },
            "3": {
                "avg": 0.003853782018025716,
                "from": 54,
                "to": 64
            }
        }
    }
}