{
    "cold-run-mode": {
        "raw": {
            "first": 0.05452990531921387,
            "avg": 0.04726935625076294,
            "from": 0,
            "to": 64
        },
        "sequentially": {
            "first": 0.3338594436645508,
            "avg": 0.33527445793151855,
            "from": 0,
            "to": 64
        },
        "childs": {
            "0": {
                "first": 0.05495405197143555,
                "avg": 0.05757182836532593,
                "from": 0,
                "to": 0
            },
            "1": {
                "first": 0.025990962982177734,
                "avg": 0.025233030319213867,
                "from": 1,
                "to": 1
            },
            "2": {
                "first": 0.0202789306640625,
                "avg": 0.019343066215515136,
                "from": 2,
                "to": 2
            },
            "3": {
                "first": 0.0049321651458740234,
                "avg": 0.005444753170013428,
                "from": 3,
                "to": 3
            },
            "4": {
                "first": 0.001298666000366211,
                "avg": 0.0007758378982543945,
                "from": 4,
                "to": 4
            },
            "5": {
                "first": 0.01802539825439453,
                "avg": 0.01744190454483032,
                "from": 5,
                "to": 9
            },
            "6": {
                "first": 0.004399299621582031,
                "avg": 0.0034322261810302733,
                "from": 10,
                "to": 10
            },
            "7": {
                "first": 0.001344442367553711,
                "avg": 0.0008371949195861816,
                "from": 11,
                "to": 11
            },
            "8": {
                "first": 0.018175363540649414,
                "avg": 0.01596052646636963,
                "from": 12,
                "to": 16
            },
            "9": {
                "first": 0.004752159118652344,
                "avg": 0.004615426063537598,
                "from": 17,
                "to": 17
            },
            "10": {
                "first": 0.0016491413116455078,
                "avg": 0.0013702392578125,
                "from": 18,
                "to": 18
            },
            "11": {
                "first": 0.04079747200012207,
                "avg": 0.04270615577697754,
                "from": 19,
                "to": 23
            },
            "12": {
                "first": 0.013177156448364258,
                "avg": 0.013187146186828614,
                "from": 24,
                "to": 24
            },
            "13": {
                "first": 0.0030891895294189453,
                "avg": 0.0024712800979614256,
                "from": 25,
                "to": 25
            },
            "14": {
                "first": 0.0009195804595947266,
                "avg": 0.0007808208465576172,
                "from": 26,
                "to": 26
            },
            "15": {
                "first": 0.010442733764648438,
                "avg": 0.009043598175048828,
                "from": 27,
                "to": 31
            },
            "16": {
                "first": 0.002691984176635742,
                "avg": 0.00274350643157959,
                "from": 32,
                "to": 32
            },
            "17": {
                "first": 0.003164052963256836,
                "avg": 0.0007681608200073242,
                "from": 33,
                "to": 33
            },
            "18": {
                "first": 0.015365123748779297,
                "avg": 0.013600683212280274,
                "from": 34,
                "to": 38
            },
            "19": {
                "first": 0.003228425979614258,
                "avg": 0.002631807327270508,
                "from": 39,
                "to": 39
            },
            "20": {
                "first": 0.0011665821075439453,
                "avg": 0.0007327914237976075,
                "from": 40,
                "to": 40
            },
            "21": {
                "first": 0.014952898025512695,
                "avg": 0.01445521116256714,
                "from": 41,
                "to": 45
            },
            "22": {
                "first": 0.004129886627197266,
                "avg": 0.004149341583251953,
                "from": 46,
                "to": 46
            },
            "23": {
                "first": 0.002060413360595703,
                "avg": 0.0008405566215515137,
                "from": 47,
                "to": 47
            },
            "24": {
                "first": 0.02042555809020996,
                "avg": 0.018065083026885986,
                "from": 48,
                "to": 52
            },
            "25": {
                "first": 0.004467010498046875,
                "avg": 0.0055506348609924315,
                "from": 53,
                "to": 53
            },
            "26": {
                "first": 0.0016429424285888672,
                "avg": 0.0012261509895324708,
                "from": 54,
                "to": 54
            },
            "27": {
                "first": 0.00067138671875,
                "avg": 0.0005849599838256836,
                "from": 55,
                "to": 55
            },
            "28": {
                "first": 0.006113290786743164,
                "avg": 0.004154598712921143,
                "from": 56,
                "to": 60
            },
            "29": {
                "first": 0.007957220077514648,
                "avg": 0.008387219905853272,
                "from": 61,
                "to": 61
            },
            "30": {
                "first": 0.0024802684783935547,
                "avg": 0.0022487521171569826,
                "from": 62,
                "to": 62
            },
            "31": {
                "first": 0.0009694099426269531,
                "avg": 0.0005938053131103515,
                "from": 63,
                "to": 63
            },
            "32": {
                "first": 0.0005283355712890625,
                "avg": 0.0005132675170898438,
                "from": 64,
                "to": 64
            }
        }
    },
    "throughout-mode": {
        "raw": {
            "avg": 0.027871465682983397,
            "from": 0,
            "to": 64
        },
        "childs": {
            "0": {
                "avg": 0.03521498441696167,
                "from": 0,
                "to": 0
            },
            "1": {
                "avg": 0.02084887425104777,
                "from": 1,
                "to": 1
            },
            "2": {
                "avg": 0.010329027970631918,
                "from": 2,
                "to": 2
            },
            "3": {
                "avg": 0.001354813575744629,
                "from": 3,
                "to": 3
            },
            "4": {
                "avg": 0.00025760730107625326,
                "from": 4,
                "to": 4
            },
            "5": {
                "avg": 0.008683788776397704,
                "from": 5,
                "to": 9
            },
            "6": {
                "avg": 0.0017438848813374837,
                "from": 10,
                "to": 10
            },
            "7": {
                "avg": 0.000272977352142334,
                "from": 11,
                "to": 11
            },
            "8": {
                "avg": 0.008951405684153238,
                "from": 12,
                "to": 16
            },
            "9": {
                "avg": 0.0027451952298482257,
                "from": 17,
                "to": 17
            },
            "10": {
                "avg": 0.0005067149798075358,
                "from": 18,
                "to": 18
            },
            "11": {
                "avg": 0.024630184968312582,
                "from": 19,