{
    "cold-run-mode": {
        "raw": {
            "first": 0.05461907386779785,
            "avg": 0.04618184566497803
        },
        "sequentially": {
            "first": 0.4177846908569336,
            "avg": 0.4171271800994873
        },
        "childs": {
            "0": {
                "first": 0.05339455604553223,
                "avg": 0.054222273826599124
            },
            "1": {
                "first": 0.024930238723754883,
                "avg": 0.024003100395202637
            },
            "2": {
                "first": 0.01951122283935547,
                "avg": 0.01838674545288086
            },
            "3": {
                "first": 0.004876852035522461,
                "avg": 0.004547691345214844
            },
            "4": {
                "first": 0.0012850761413574219,
                "avg": 0.0008325695991516114
            },
            "5": {
                "first": 0.0057981014251708984,
                "avg": 0.005220663547515869
            },
            "6": {
                "first": 0.002765655517578125,
                "avg": 0.0025827169418334963
            },
            "7": {
                "first": 0.009963512420654297,
                "avg": 0.007314443588256836
            },
            "8": {
                "first": 0.004118442535400391,
                "avg": 0.00417780876159668
            },
            "9": {
                "first": 0.005459785461425781,
                "avg": 0.006376433372497559
            },
            "10": {
                "first": 0.004755735397338867,
                "avg": 0.0038860559463500975
            },
            "11": {
                "first": 0.001317739486694336,
                "avg": 0.0008447170257568359
            },
            "12": {
                "first": 0.006536006927490234,
                "avg": 0.005186712741851807
            },
            "13": {
                "first": 0.0027141571044921875,
                "avg": 0.002565109729766846
            },
            "14": {
                "first": 0.00925588607788086,
                "avg": 0.006955623626708984
            },
            "15": {
                "first": 0.00421452522277832,
                "avg": 0.0038895249366760255
            },
            "16": {
                "first": 0.00462651252746582,
                "avg": 0.005881941318511963
            },
            "17": {
                "first": 0.007760524749755859,
                "avg": 0.007002973556518554
            },
            "18": {
                "first": 0.0019028186798095703,
                "avg": 0.0011670351028442382
            },
            "19": {
                "first": 0.016112089157104492,
                "avg": 0.013855624198913574
            },
            "20": {
                "first": 0.005610466003417969,
                "avg": 0.005335593223571777
            },
            "21": {
                "first": 0.020559310913085938,
                "avg": 0.014981532096862793
            },
            "22": {
                "first": 0.008272171020507812,
                "avg": 0.008005356788635254
            },
            "23": {
                "first": 0.007319211959838867,
                "avg": 0.01061699390411377
            },
            "24": {
                "first": 0.007653474807739258,
                "avg": 0.008841228485107423
            },
            "25": {
                "first": 0.002207040786743164,
                "avg": 0.002065885066986084
            },
            "26": {
                "first": 0.0009658336639404297,
                "avg": 0.000659775733947754
            },
            "27": {
                "first": 0.0025396347045898438,
                "avg": 0.0025473713874816896
            },
            "28": {
                "first": 0.001463174819946289,
                "avg": 0.0012349963188171386
            },
            "29": {
                "first": 0.0035490989685058594,
                "avg": 0.003730440139770508
            },
            "30": {
                "first": 0.0020852088928222656,
                "avg": 0.001852130889892578
            },
            "31": {
                "first": 0.0023696422576904297,
                "avg": 0.0021833181381225586
            },
            "32": {
                "first": 0.003098726272583008,
                "avg": 0.0021327853202819822
            },
            "33": {
                "first": 0.0024509429931640625,
                "avg": 0.0007577300071716309
            },
            "34": {
                "first": 0.006260871887207031,
                "avg": 0.004963433742523194
            },
            "35": {
                "first": 0.002179384231567383,
                "avg": 0.001915895938873291
            },
            "36": {
                "first": 0.006033658981323242,
                "avg": 0.006608390808105468
            },
            "37": {
                "first": 0.0030961036682128906,
                "avg": 0.0028688669204711913
            },
            "38": {
                "first": 0.0036840438842773438,
                "avg": 0.003745877742767334
            },
            "39": {
                "first": 0.0037255287170410156,
                "avg": 0.003710174560546875
            },
            "40": {
                "first": 0.00102996826171875,
                "avg": 0.0007462859153747559
            },
            "41": {
                "first": 0.004509449005126953,
                "avg": 0.005028462409973145
            },
            "42": {
                "first": 0.002329587936401367,
                "avg": 0.0018922686576843262
            },
            "43": {
                "first": 0.006555080413818359,
                "avg": 0.006600987911224365
            },
            "44": {
                "first": 0.0032024383544921875,
                "avg": 0.0028801560401916504
            },
            "45": {
                "first": 0.004497051239013672,
                "avg": 0.004372024536132812
            },
            "46": {
                "first": 0.00502777099609375,
                "avg": 0.004799878597259522
            },
            "47": {
                "first": 0.0011637210845947266,
                "avg": 0.00083388090133667
            },
            "48": {
                "first": 0.008263111114501953,
                "avg": 0.00546112060546875
            },
            "49": {
                "first": 0.0029299259185791016,
                "avg": 0.002923750877380371
            },
            "50": {
                "first": 0.00971078872680664,
                "avg": 0.008914852142333984
            },
            "51": {
                "first": 0.00391077995300293,
                "avg": 0.003967475891113281
            },
            "52": {
                "first": 0.005794048309326172,
                "avg": 0.005863785743713379
            },
            "53": {
                "first": 0.00551295280456543,
                "avg": 0.005560433864593506
            },
            "54": {
                "first": 0.0016477108001708984,
                "avg": 0.001222836971282959
            },
            "55": {
                "first": 0.0006470680236816406,
                "avg": 0.000576174259185791
            },
            "56": {
                "first": 0.0015840530395507812,
                "avg": 0.0016672015190124512
            },
            "57": {
                "first": 0.000990152359008789,
                "avg": 0.000832819938659668
            },
            "58": {
                "first": 0.0026311874389648438,
                "avg": 0.0027627110481262206
            },
            "59": {
                "first": 0.0012691020965576172,
                "avg": 0.0009921908378601075
            },
            "60": {
                "first": 0.0012140274047851562,
                "avg": 0.001065826416015625
            },