{
    "cold-run-mode": {
        "raw": {
            "first": 0.11057043075561523,
            "avg": 0.08704556226730346,
            "from": 0,
            "to": 163
        },
        "sequentially": {
            "first": 0.1552889347076416,
            "avg": 0.16489502191543579,
            "from": 0,
            "to": 163
        },
        "childs": {
            "0": {
                "first": 0.0414881706237793,
                "avg": 0.04149683713912964,
                "from": 0,
                "to": 26
            },
            "1": {
                "first": 0.035503387451171875,
                "avg": 0.032917118072509764,
                "from": 27,
                "to": 30
            },
            "2": {
                "first": 0.029421567916870117,
                "avg": 0.02929654121398926,
                "from": 31,
                "to": 60
            },
            "3": {
                "first": 0.053313255310058594,
                "avg": 0.052804529666900635,
                "from": 61,
                "to": 163
            }
        }
    },
    "throughout-mode": {
        "raw": {
            "avg": 0.03415813446044922,
            "from": 0,
            "to": 163
        },
        "childs": {
            "0": {
                "avg": 0.02585042715072632,
                "from": 0,
                "to": 26
            },
            "1": {
                "avg": 0.02326343854268392,
                "from": 27,
                "to": 30
            },
            "2": {
                "avg": 0.02008841832478841,
                "from": 31,
                "to": 60
            },
            "3": {
                "avg": 0.01551676591237386,
                "from": 61,
                "to": 163
            }
        }
    }
}