{
    "cold-run-mode": {
        "raw": {
            "first": 0.07237696647644043,
            "avg": 0.07405740022659302,
            "from": 0,
            "to": 163
        },
        "sequentially": {
            "first": 0.0918722152709961,
            "avg": 0.09397221803665161,
            "from": 0,
            "to": 163
        },
        "childs": {
            "0": {
                "first": 0.013935327529907227,
                "avg": 0.013818144798278809,
                "from": 0,
                "to": 28
            },
            "1": {
                "first": 0.018703937530517578,
                "avg": 0.01911367177963257,
                "from": 29,
                "to": 45
            },
            "2": {
                "first": 0.018000125885009766,
                "avg": 0.018257606029510497,
                "from": 46,
                "to": 67
            },
            "3": {
                "first": 0.04152846336364746,
                "avg": 0.041800737380981445,
                "from": 68,
                "to": 163
            }
        }
    },
    "throughout-mode": {
        "raw": {
            "avg": 0.03421876033147176,
            "from": 0,
            "to": 163
        },
        "childs": {
            "0": {
                "avg": 0.00785890817642212,
                "from": 0,
                "to": 28
            },
            "1": {
                "avg": 0.012963442007700603,
                "from": 29,
                "to": 45
            },
            "2": {
                "avg": 0.010897497336069742,
                "from": 46,
                "to": 67
            },
            "3": {
                "avg": 0.013588345050811768,
                "from": 68,
                "to": 163
            }
        }
    }
}