{
    "cold-run-mode": {
        "raw": {
            "first": 0.10055017471313477,
            "avg": 0.07559118270874024,
            "from": 0,
            "to": 163
        },
        "sequentially": {
            "first": 0.09204959869384766,
            "avg": 0.09487966299057007,
            "from": 0,
            "to": 163
        },
        "childs": {
            "0": {
                "first": 0.015464067459106445,
                "avg": 0.014349210262298583,
                "from": 0,
                "to": 29
            },
            "1": {
                "first": 0.01822686195373535,
                "avg": 0.0185192346572876,
                "from": 30,
                "to": 46
            },
            "2": {
                "first": 0.01939868927001953,
                "avg": 0.020694482326507568,
                "from": 47,
                "to": 68
            },
            "3": {
                "first": 0.04552102088928223,
                "avg": 0.042094957828521726,
                "from": 69,
                "to": 163
            }
        }
    },
    "throughout-mode": {
        "raw": {
            "avg": 0.03617622454961141,
            "from": 0,
            "to": 163
        },
        "childs": {
            "0": {
                "avg": 0.007918731371561686,
                "from": 0,
                "to": 29
            },
            "1": {
                "avg": 0.014287118117014568,
                "from": 30,
                "to": 46
            },
            "2": {
                "avg": 0.011702982584635417,
                "from": 47,
                "to": 68
            },
            "3": {
                "avg": 0.013596026102701823,
                "from": 69,
                "to": 163
            }
        }
    }
}