{
    "cold-run-mode": {
        "raw": {
            "first": 0.08492374420166016,
            "avg": 0.07798752784729004,
            "from": 0,
            "to": 163
        },
        "sequentially": {
            "first": 0.26748013496398926,
            "avg": 0.2629262566566467,
            "from": 0,
            "to": 163
        },
        "childs": {
            "0": {
                "first": 0.005448579788208008,
                "avg": 0.004115688800811768,
                "from": 0,
                "to": 24
            },
            "1": {
                "first": 0.03996610641479492,
                "avg": 0.037092852592468264,
                "from": 25,
                "to": 25
            },
            "2": {
                "first": 0.01862359046936035,
                "avg": 0.018412280082702636,
                "from": 26,
                "to": 26
            },
            "3": {
                "first": 0.015560388565063477,
                "avg": 0.014292550086975098,
                "from": 27,
                "to": 27
            },
            "4": {
                "first": 0.007432222366333008,
                "avg": 0.005850481986999512,
                "from": 28,
                "to": 28
            },
            "5": {
                "first": 0.002901792526245117,
                "avg": 0.002732837200164795,
                "from": 29,
                "to": 29
            },
            "6": {
                "first": 0.03476715087890625,
                "avg": 0.034718883037567136,
                "from": 30,
                "to": 30
            },
            "7": {
                "first": 0.00998234748840332,
                "avg": 0.011263608932495117,
                "from": 31,
                "to": 31
            },
            "8": {
                "first": 0.011260271072387695,
                "avg": 0.010817348957061768,
                "from": 32,
                "to": 32
            },
            "9": {
                "first": 0.010274887084960938,
                "avg": 0.009336304664611817,
                "from": 33,
                "to": 46
            },
            "10": {
                "first": 0.02318882942199707,
                "avg": 0.02206275463104248,
                "from": 47,
                "to": 60
            },
            "11": {
                "first": 0.004756450653076172,
                "avg": 0.004508876800537109,
                "from": 61,
                "to": 61
            },
            "12": {
                "first": 0.006601095199584961,
                "avg": 0.006547582149505615,
                "from": 62,
                "to": 75
            },
            "13": {
                "first": 0.008064508438110352,
                "avg": 0.007071733474731445,
                "from": 76,
                "to": 89
            },
            "14": {
                "first": 0.007389545440673828,
                "avg": 0.007540571689605713,
                "from": 90,
                "to": 103
            },
            "15": {
                "first": 0.008178472518920898,
                "avg": 0.00832216739654541,
                "from": 104,
                "to": 117
            },
            "16": {
                "first": 0.012263059616088867,
                "avg": 0.012522828578948975,
                "from": 118,
                "to": 131
            },
            "17": {
                "first": 0.0025789737701416016,
                "avg": 0.002137494087219238,
                "from": 132,
                "to": 132
            },
            "18": {
                "first": 0.007261991500854492,
                "avg": 0.00721818208694458,
                "from": 133,
                "to": 146
            },
            "19": {
                "first": 0.008949756622314453,
                "avg": 0.009546375274658203,
                "from": 147,
                "to": 160
            },
            "20": {
                "first": 0.0013604164123535156,
                "avg": 0.0007631421089172363,
                "from": 161,
                "to": 161
            },
            "21": {
                "first": 0.0005421638488769531,
                "avg": 0.0005177021026611328,
                "from": 162,
                "to": 162
            },
            "22": {
                "first": 0.005151510238647461,
                "avg": 0.003401339054107666,
                "from": 163,
                "to": 163
            }
        }
    },
    "throughout-mode": {
        "raw": {
            "avg": 0.03418951034545899,
            "from": 0,
            "to": 163
        },
        "childs": {
            "0": {
                "avg": 0.001849834124247233,
                "from": 0,
                "to": 24
            },
            "1": {
                "avg": 0.025317796071370444,
                "from": 25,
                "to": 25
            },
            "2": {
                "avg": 0.014506057898203532,
                "from": 26,
                "to": 26
            },
            "3": {
                "avg": 0.007413399219512939,
                "from": 27,
                "to": 27
            },
            "4": {
                "avg": 0.0044173757235209145,
                "from": 28,
                "to": 28
            },
            "5": {
                "avg": 0.0013781309127807618,
                "from": 29,
                "to": 29
            },
            "6": {
                "avg": 0.02331908941268921,
                "from": 30,
                "to": 30
            },
            "7": {
                "avg": 0.010632447401682536,
                "from": 31,
                "to": 31
            },
            "8": {
                "avg": 0.005241326491038005,
                "from": 32,
                "to": 32
            },
            "9": {
                "avg": 0.0073071479797363285,
                "from": 33,
                "to": 46
            },
            "10": {
                "avg": 0.014424729347229003,
                "from": 47,
                "to": 60
            },
            "11": {
                "avg": 0.0029125213623046875,
                "from": 61,
                "to": 61
            },
            "12": {
                "avg": 0.0034988045692443846,
                "from": 62,
                "to": 75
            },
            "13": {
                "avg": 0.0033540248870849608,
                "from": 76,
                "to": 89
            },
            "14": {
                "avg": 0.0035020867983500165,
                "from": 90,
                "to": 103
            },
            "15": {
                "avg": 0.00399009386698405,
                "from": 104,
                "to": 117
            },
            "16": {
                "avg": 0.006564931074778239,
                "from": 118,
                "to": 131
            },
            "17": {
                "avg": 0.0008097608884175618,
                "from": 132,
                "to": 132
            },
            "18": {
                "avg": 0.0016614993413289387,
                "from": 133,
                "to": 146
            },
            "19": {
                "avg": 0.002333927154541016,
                "from": 147,
                "to": 160
            },
            "20": {
                "avg": 0.00010854005813598633,
                "from": 161,
                "to": 161
            },
            "21": {
                "avg": 8.018811543782552e-06,
                "from": 162,
                "to": 162
            },
            "22": {
                "avg": 4.77751096089681e-05,
                "from": 163,
                "to": 163
            }
        }
    }
}