{
    "cold-run-mode": {
        "raw": {
            "first": 1.541036605834961,
            "avg": 1.493383276462555,
            "from": 0,
            "to": 43
        },
        "sequentially": {
            "first": 1.7888588905334473,
            "avg": 1.7841809511184692,
            "from": 0,
            "to": 43
        },
        "childs": {
            "0": {
                "first": 0.16449379920959473,
                "avg": 0.17263249158859253,
                "from": 0,
                "to": 2
            },
            "1": {
                "first": 0.14273715019226074,
                "avg": 0.1414133071899414,
                "from": 3,
                "to": 8
            },
            "2": {
                "first": 0.15458154678344727,
                "avg": 0.15082106590270997,
                "from": 9,
                "to": 17
            },
            "3": {
                "first": 1.319211721420288,
                "avg": 1.2794830083847046,
                "from": 18,
                "to": 43
            }
        }
    },
    "throughout-mode": {
        "raw": {
            "avg": 0.3442282478014628,
            "from": 0,
            "to": 43
        },
        "childs": {
            "0": {
                "avg": 0.14467573960622152,
                "from": 0,
                "to": 2
            },
            "1": {
                "avg": 0.1154850165049235,
                "from": 3,
                "to": 8
            },
            "2": {
                "avg": 0.12366969982782999,
                "from": 9,
                "to": 17
            },
            "3": {
                "avg": 0.15227885246276857,
                "from": 18,
                "to": 43
            }
        }
    }
}