{
    "cold-run-mode": {
        "raw": {
            "first": 1.803206205368042,
            "avg": 1.5915500283241273,
            "from": 0,
            "to": 43
        },
        "sequentially": {
            "first": 1.757981777191162,
            "avg": 1.761359417438507,
            "from": 0,
            "to": 43
        },
        "childs": {
            "0": {
                "first": 0.15666532516479492,
                "avg": 0.1577528715133667,
                "from": 0,
                "to": 1
            },
            "1": {
                "first": 0.0967094898223877,
                "avg": 0.088851797580719,
                "from": 2,
                "to": 4
            },
            "2": {
                "first": 0.1050713062286377,
                "avg": 0.1054416298866272,
                "from": 5,
                "to": 11
            },
            "3": {
                "first": 1.3974010944366455,
                "avg": 1.3420775055885314,
                "from": 12,
                "to": 43
            }
        }
    },
    "throughout-mode": {
        "raw": {
            "avg": 0.34214242696762087,
            "from": 0,
            "to": 43
        },
        "childs": {
            "0": {
                "avg": 0.10103399356206258,
                "from": 0,
                "to": 1
            },
            "1": {
                "avg": 0.05995381275812785,
                "from": 2,
                "to": 4
            },
            "2": {
                "avg": 0.0875155488650004,
                "from": 5,
                "to": 11
            },
            "3": {
                "avg": 0.2361682653427124,
                "from": 12,
                "to": 43
            }
        }
    }
}