{
    "cold-run-mode": {
        "raw": {
            "first": 1.5186288356781006,
            "avg": 1.4295653343200683,
            "from": 0,
            "to": 43
        },
        "sequentially": {
            "first": 1.8175086975097656,
            "avg": 1.8127399682998657,
            "from": 0,
            "to": 43
        },
        "childs": {
            "0": {
                "first": 0.14967727661132812,
                "avg": 0.15728753805160522,
                "from": 0,
                "to": 0
            },
            "1": {
                "first": 0.1646108627319336,
                "avg": 0.16314159631729125,
                "from": 1,
                "to": 3
            },
            "2": {
                "first": 0.1287550926208496,
                "avg": 0.12198164463043212,
                "from": 4,
                "to": 10
            },
            "3": {
                "first": 1.3633668422698975,
                "avg": 1.2993236422538756,
                "from": 11,
                "to": 43
            }
        }
    },
    "throughout-mode": {
        "raw": {
            "avg": 0.3419558842976888,
            "from": 0,
            "to": 43
        },
        "childs": {
            "0": {
                "avg": 0.10053962071736654,
                "from": 0,
                "to": 0
            },
            "1": {
                "avg": 0.1432982603708903,
                "from": 1,
                "to": 3
            },
            "2": {
                "avg": 0.09812211990356445,
                "from": 4,
                "to": 10
            },
            "3": {
                "avg": 0.2387214740117391,
                "from": 11,
                "to": 43
            }
        }
    }
}