{
    "cold-run-mode": {
        "raw": {
            "first": 1.5352718830108643,
            "avg": 1.4535919070243835,
            "from": 0,
            "to": 43
        },
        "sequentially": {
            "first": 2.5043563842773438,
            "avg": 2.4926135301589967,
            "from": 0,
            "to": 43
        },
        "childs": {
            "0": {
                "first": 0.1529083251953125,
                "avg": 0.15968502759933473,
                "from": 0,
                "to": 0
            },
            "1": {
                "first": 0.07176685333251953,
                "avg": 0.06909419298171997,
                "from": 1,
                "to": 1
            },
            "2": {
                "first": 0.1642930507659912,
                "avg": 0.16318001747131347,
                "from": 2,
                "to": 2
            },
            "3": {
                "first": 0.06933283805847168,
                "avg": 0.06926286220550537,
                "from": 3,
                "to": 3
            },
            "4": {
                "first": 0.059174299240112305,
                "avg": 0.056777667999267575,
                "from": 4,
                "to": 4
            },
            "5": {
                "first": 0.09331655502319336,
                "avg": 0.10076740980148316,
                "from": 5,
                "to": 5
            },
            "6": {
                "first": 0.037125587463378906,
                "avg": 0.03336225748062134,
                "from": 6,
                "to": 6
            },
            "7": {
                "first": 0.09065604209899902,
                "avg": 0.09468261003494263,
                "from": 7,
                "to": 7
            },
            "8": {
                "first": 0.03498554229736328,
                "avg": 0.03338556289672852,
                "from": 8,
                "to": 8
            },
            "9": {
                "first": 0.025195598602294922,
                "avg": 0.025103175640106203,
                "from": 9,
                "to": 9
            },
            "10": {
                "first": 0.052997589111328125,
                "avg": 0.053888118267059325,
                "from": 10,
                "to": 10
            },
            "11": {
                "first": 0.010808944702148438,
                "avg": 0.013869857788085938,
                "from": 11,
                "to": 11
            },
            "12": {
                "first": 0.0611727237701416,
                "avg": 0.05968019962310791,
                "from": 12,
                "to": 12
            },
            "13": {
                "first": 0.010377168655395508,
                "avg": 0.01768525838851929,
                "from": 13,
                "to": 13
            },
            "14": {
                "first": 0.06249642372131348,
                "avg": 0.06046534776687622,
                "from": 14,
                "to": 14
            },
            "15": {
                "first": 0.017505884170532227,
                "avg": 0.01751068830490112,
                "from": 15,
                "to": 15
            },
            "16": {
                "first": 0.05992269515991211,
                "avg": 0.06181238889694214,
                "from": 16,
                "to": 16
            },
            "17": {
                "first": 0.01756906509399414,
                "avg": 0.017520332336425783,
                "from": 17,
                "to": 17
            },
            "18": {
                "first": 0.014281272888183594,
                "avg": 0.013853061199188232,
                "from": 18,
                "to": 18
            },
            "19": {
                "first": 0.04060029983520508,
                "avg": 0.0340044379234314,
                "from": 19,
                "to": 19
            },
            "20": {
                "first": 0.0048787593841552734,
                "avg": 0.0045718193054199215,
                "from": 20,
                "to": 20
            },
            "21": {
                "first": 0.05505013465881348,
                "avg": 0.05124983787536621,
                "from": 21,
                "to": 21
            },
            "22": {
                "first": 0.005172252655029297,
                "avg": 0.0045409083366394045,
                "from": 22,
                "to": 22
            },
            "23": {
                "first": 0.04959750175476074,
                "avg": 0.051532208919525146,
                "from": 23,
                "to": 23
            },
            "24": {
                "first": 0.00525212287902832,
                "avg": 0.004344284534454346,
                "from": 24,
                "to": 24
            },
            "25": {
                "first": 0.05146050453186035,
                "avg": 0.0513364315032959,
                "from": 25,
                "to": 25
            },
            "26": {
                "first": 0.005319833755493164,
                "avg": 0.005649709701538086,
                "from": 26,
                "to": 26
            },
            "27": {
                "first": 0.00599980354309082,
                "avg": 0.0066550374031066895,
                "from": 27,
                "to": 27
            },
            "28": {
                "first": 0.018685579299926758,
                "avg": 0.01922791004180908,
                "from": 28,
                "to": 28
            },
            "29": {
                "first": 0.0018107891082763672,
                "avg": 0.0013800621032714843,
                "from": 29,
                "to": 29
            },
            "30": {
                "first": 0.02231287956237793,
                "avg": 0.019530200958251955,
                "from": 30,
                "to": 30
            },
            "31": {
                "first": 0.0036499500274658203,
                "avg": 0.001246023178100586,
                "from": 31,
                "to": 31
            },
            "32": {
                "first": 0.02280282974243164,
                "avg": 0.021440446376800537,
                "from": 32,
                "to": 32
            },
            "33": {
                "first": 0.0020596981048583984,
                "avg": 0.0014789819717407227,
                "from": 33,
                "to": 33
            },
            "34": {
                "first": 0.02303624153137207,
                "avg": 0.018948638439178468,
                "from": 34,
                "to": 34
            },
            "35": {
                "first": 0.0019016265869140625,
                "avg": 0.0012532591819763184,
                "from": 35,
                "to": 35
            },
            "36": {
                "first": 0.001287698745727539,
                "avg": 0.0012162446975708008,
                "from": 36,
                "to": 36
            },
            "37": {
                "first": 0.0011403560638427734,
                "avg": 0.0009889960289001464,
                "from": 37,
                "to": 37
            },
            "38": {
                "first": 0.0007984638214111328,
                "avg": 0.0007378220558166504,
                "from": 38,
                "to": 38
            },
            "39": {
                "first": 0.9218795299530029,
                "avg": 0.9170294165611267,
                "from": 39,
                "to": 39
            },
            "40": {
                "first": 0.0011553764343261719,
                "avg": 0.0005985736846923828,
                "from": 40,
                "to": 40
            },
            "41": {
                "first": 0.12307286262512207,
                "avg": 0.12282309532165528,
                "from": 41,
                "to": 41
            },
            "42": {
                "first": 0.001065969467163086,
                "avg": 0.0005857229232788086,
                "from": 42,