{
    "cold-run-mode": {
        "raw": {
            "first": 1.5441653728485107,
            "avg": 1.4359298348426819,
            "from": 0,
            "to": 43
        },
        "sequentially": {
            "first": 2.4970288276672363,
            "avg": 2.5020099759101866,
            "from": 0,
            "to": 43
        },
        "childs": {
            "0": {
                "first": 0.1541755199432373,
                "avg": 0.15785242319107057,
                "from": 0,
                "to": 0
            },
            "1": {
                "first": 0.06967997550964355,
                "avg": 0.06914354562759399,
                "from": 1,
                "to": 1
            },
            "2": {
                "first": 0.16214847564697266,
                "avg": 0.16295030117034912,
                "from": 2,
                "to": 2
            },
            "3": {
                "first": 0.07113385200500488,
                "avg": 0.06899117231369019,
                "from": 3,
                "to": 3
            },
            "4": {
                "first": 0.05804610252380371,
                "avg": 0.05574862957000733,
                "from": 4,
                "to": 4
            },
            "5": {
                "first": 0.09228706359863281,
                "avg": 0.09852250814437866,
                "from": 5,
                "to": 5
            },
            "6": {
                "first": 0.035776615142822266,
                "avg": 0.03417904376983642,
                "from": 6,
                "to": 6
            },
            "7": {
                "first": 0.08988142013549805,
                "avg": 0.09506906270980835,
                "from": 7,
                "to": 7
            },
            "8": {
                "first": 0.03567957878112793,
                "avg": 0.03391076326370239,
                "from": 8,
                "to": 8
            },
            "9": {
                "first": 0.025739431381225586,
                "avg": 0.025926780700683594,
                "from": 9,
                "to": 9
            },
            "10": {
                "first": 0.05532526969909668,
                "avg": 0.054874074459075925,
                "from": 10,
                "to": 10
            },
            "11": {
                "first": 0.018071413040161133,
                "avg": 0.017941462993621825,
                "from": 11,
                "to": 11
            },
            "12": {
                "first": 0.06180286407470703,
                "avg": 0.060916340351104735,
                "from": 12,
                "to": 12
            },
            "13": {
                "first": 0.01747918128967285,
                "avg": 0.017497766017913818,
                "from": 13,
                "to": 13
            },
            "14": {
                "first": 0.06091475486755371,
                "avg": 0.06092289686203003,
                "from": 14,
                "to": 14
            },
            "15": {
                "first": 0.017673969268798828,
                "avg": 0.017546164989471435,
                "from": 15,
                "to": 15
            },
            "16": {
                "first": 0.061261892318725586,
                "avg": 0.060207486152648926,
                "from": 16,
                "to": 16
            },
            "17": {
                "first": 0.017446279525756836,
                "avg": 0.017476928234100342,
                "from": 17,
                "to": 17
            },
            "18": {
                "first": 0.01379704475402832,
                "avg": 0.01383657455444336,
                "from": 18,
                "to": 18
            },
            "19": {
                "first": 0.04143834114074707,
                "avg": 0.034798407554626466,
                "from": 19,
                "to": 19
            },
            "20": {
                "first": 0.004822969436645508,
                "avg": 0.0049315690994262695,
                "from": 20,
                "to": 20
            },
            "21": {
                "first": 0.05064964294433594,
                "avg": 0.051652705669403075,
                "from": 21,
                "to": 21
            },
            "22": {
                "first": 0.004851102828979492,
                "avg": 0.004645693302154541,
                "from": 22,
                "to": 22
            },
            "23": {
                "first": 0.05517888069152832,
                "avg": 0.05112766027450562,
                "from": 23,
                "to": 23
            },
            "24": {
                "first": 0.005078554153442383,
                "avg": 0.004612624645233154,
                "from": 24,
                "to": 24
            },
            "25": {
                "first": 0.060875892639160156,
                "avg": 0.05361549854278565,
                "from": 25,
                "to": 25
            },
            "26": {
                "first": 0.005521297454833984,
                "avg": 0.004523777961730957,
                "from": 26,
                "to": 26
            },
            "27": {
                "first": 0.008050680160522461,
                "avg": 0.007560408115386963,
                "from": 27,
                "to": 27
            },
            "28": {
                "first": 0.024567365646362305,
                "avg": 0.020735573768615723,
                "from": 28,
                "to": 28
            },
            "29": {
                "first": 0.001924276351928711,
                "avg": 0.001206350326538086,
                "from": 29,
                "to": 29
            },
            "30": {
                "first": 0.0227203369140625,
                "avg": 0.019796884059906004,
                "from": 30,
                "to": 30
            },
            "31": {
                "first": 0.0017189979553222656,
                "avg": 0.0012359380722045898,
                "from": 31,
                "to": 31
            },
            "32": {
                "first": 0.02710270881652832,
                "avg": 0.02223665714263916,
                "from": 32,
                "to": 32
            },
            "33": {
                "first": 0.0018312931060791016,
                "avg": 0.001236557960510254,
                "from": 33,
                "to": 33
            },
            "34": {
                "first": 0.01872086524963379,
                "avg": 0.020436811447143554,
                "from": 34,
                "to": 34
            },
            "35": {
                "first": 0.001958131790161133,
                "avg": 0.0012543678283691406,
                "from": 35,
                "to": 35
            },
            "36": {
                "first": 0.001293182373046875,
                "avg": 0.0012246370315551758,
                "from": 36,
                "to": 36
            },
            "37": {
                "first": 0.0011887550354003906,
                "avg": 0.0009801149368286132,
                "from": 37,
                "to": 37
            },
            "38": {
                "first": 0.0007836818695068359,
                "avg": 0.0007344722747802734,
                "from": 38,
                "to": 38
            },
            "39": {
                "first": 0.9010710716247559,
                "avg": 0.903626549243927,
                "from": 39,
                "to": 39
            },
            "40": {
                "first": 0.001149892807006836,
                "avg": 0.0005941510200500489,
                "from": 40,
                "to": 40
            },
            "41": {
                "first": 0.12396645545959473,
                "avg": 0.1239086389541626,
                "from": 41,
                "to": 41
            },
            "42": {
                "first": 0.0010106563568115234,
                "avg": 0.0005777239799499512,
                "from": 42,