{
    "cold-run-mode": {
        "raw": {
            "first": 2.4734373092651367,
            "avg": 0.1885103702545166,
            "from": 0,
            "to": 163
        },
        "sequentially": {
            "first": 0.3160238265991211,
            "avg": 0.2885849714279175,
            "from": 0,
            "to": 163
        },
        "childs": {
            "0": {
                "first": 0.06237173080444336,
                "avg": 0.05186696052551269,
                "from": 0,
                "to": 26
            },
            "1": {
                "first": 0.044352054595947266,
                "avg": 0.047701585292816165,
                "from": 27,
                "to": 30
            },
            "2": {
                "first": 0.05866861343383789,
                "avg": 0.057027232646942136,
                "from": 31,
                "to": 60
            },
            "3": {
                "first": 0.12906312942504883,
                "avg": 0.13959707021713258,
                "from": 61,
                "to": 163
            }
        }
    },
    "throughout-mode": {
        "raw": {
            "avg": 0.00723944902420044,
            "from": 0,
            "to": 163
        },
        "childs": {
            "0": {
                "avg": 0.019635844230651855,
                "from": 0,
                "to": 26
            },
            "1": {
                "avg": 0.02095113197962443,
                "from": 27,
                "to": 30
            },
            "2": {
                "avg": 0.012493173281351725,
                "from": 31,
                "to": 60
            },
            "3": {
                "avg": 0.006420946121215821,
                "from": 61,
                "to": 163
            }
        }
    }
}