{
    "cold-run-mode": {
        "raw": {
            "first": 2.4537925720214844,
            "avg": 0.1967185378074646,
            "from": 0,
            "to": 163
        },
        "sequentially": {
            "first": 0.19183850288391113,
            "avg": 0.2000528335571289,
            "from": 0,
            "to": 163
        },
        "childs": {
            "0": {
                "first": 0.025741100311279297,
                "avg": 0.019931554794311523,
                "from": 0,
                "to": 28
            },
            "1": {
                "first": 0.026749372482299805,
                "avg": 0.027177894115448,
                "from": 29,
                "to": 45
            },
            "2": {
                "first": 0.031207799911499023,
                "avg": 0.03287132978439331,
                "from": 46,
                "to": 67
            },
            "3": {
                "first": 0.11289644241333008,
                "avg": 0.10615381002426147,
                "from": 68,
                "to": 163
            }
        }
    },
    "throughout-mode": {
        "raw": {
            "avg": 0.007265337308247884,
            "from": 0,
            "to": 163
        },
        "childs": {
            "0": {
                "avg": 0.00492094357808431,
                "from": 0,
                "to": 28
            },
            "1": {
                "avg": 0.0061818083127339685,
                "from": 29,
                "to": 45
            },
            "2": {
                "avg": 0.005955950419108073,
                "from": 46,
                "to": 67
            },
            "3": {
                "avg": 0.004198392232259114,
                "from": 68,
                "to": 163
            }
        }
    }
}