{
    "cold-run-mode": {
        "raw": {
            "first": 2.4720001220703125,
            "avg": 0.1931036114692688,
            "from": 0,
            "to": 163
        },
        "sequentially": {
            "first": 0.19492197036743164,
            "avg": 0.20817461013793945,
            "from": 0,
            "to": 163
        },
        "childs": {
            "0": {
                "first": 0.031388282775878906,
                "avg": 0.019949626922607423,
                "from": 0,
                "to": 29
            },
            "1": {
                "first": 0.027502059936523438,
                "avg": 0.028062069416046144,
                "from": 30,
                "to": 46
            },
            "2": {
                "first": 0.03365159034729004,
                "avg": 0.033790969848632814,
                "from": 47,
                "to": 68
            },
            "3": {
                "first": 0.09428143501281738,
                "avg": 0.11498454809188843,
                "from": 69,
                "to": 163
            }
        }
    },
    "throughout-mode": {
        "raw": {
            "avg": 0.0072757442792256675,
            "from": 0,
            "to": 163
        },
        "childs": {
            "0": {
                "avg": 0.004895917574564616,
                "from": 0,
                "to": 29
            },
            "1": {
                "avg": 0.006054397424062093,
                "from": 30,
                "to": 46
            },
            "2": {
                "avg": 0.005815120538075765,
                "from": 47,
                "to": 68
            },
            "3": {
                "avg": 0.004318114121754964,
                "from": 69,
                "to": 163
            }
        }
    }
}