{
    "cold-run-mode": {
        "raw": {
            "first": 2.465888500213623,
            "avg": 0.19529603719711303,
            "from": 0,
            "to": 163
        },
        "sequentially": {
            "first": 0.5253074169158936,
            "avg": 0.4880070209503174,
            "from": 0,
            "to": 163
        },
        "childs": {
            "0": {
                "first": 0.012610673904418945,
                "avg": 0.011112713813781738,
                "from": 0,
                "to": 24
            },
            "1": {
                "first": 0.04860520362854004,
                "avg": 0.04933264255523682,
                "from": 25,
                "to": 25
            },
            "2": {
                "first": 0.04422354698181152,
                "avg": 0.047097969055175784,
                "from": 26,
                "to": 26
            },
            "3": {
                "first": 0.021556615829467773,
                "avg": 0.01781867742538452,
                "from": 27,
                "to": 27
            },
            "4": {
                "first": 0.011249542236328125,
                "avg": 0.011169588565826416,
                "from": 28,
                "to": 28
            },
            "5": {
                "first": 0.009801387786865234,
                "avg": 0.010316872596740722,
                "from": 29,
                "to": 29
            },
            "6": {
                "first": 0.045476436614990234,
                "avg": 0.04388604164123535,
                "from": 30,
                "to": 30
            },
            "7": {
                "first": 0.0395352840423584,
                "avg": 0.04031105041503906,
                "from": 31,
                "to": 31
            },
            "8": {
                "first": 0.015828371047973633,
                "avg": 0.014941489696502686,
                "from": 32,
                "to": 32
            },
            "9": {
                "first": 0.020843029022216797,
                "avg": 0.01965709924697876,
                "from": 33,
                "to": 46
            },
            "10": {
                "first": 0.02837347984313965,
                "avg": 0.03405065536499023,
                "from": 47,
                "to": 60
            },
            "11": {
                "first": 0.010907173156738281,
                "avg": 0.010186576843261718,
                "from": 61,
                "to": 61
            },
            "12": {
                "first": 0.018619537353515625,
                "avg": 0.017837381362915038,
                "from": 62,
                "to": 75
            },
            "13": {
                "first": 0.01773548126220703,
                "avg": 0.01779264211654663,
                "from": 76,
                "to": 89
            },
            "14": {
                "first": 0.01854419708251953,
                "avg": 0.01845921277999878,
                "from": 90,
                "to": 103
            },
            "15": {
                "first": 0.019425392150878906,
                "avg": 0.019913840293884277,
                "from": 104,
                "to": 117
            },
            "16": {
                "first": 0.023174047470092773,
                "avg": 0.022791624069213867,
                "from": 118,
                "to": 131
            },
            "17": {
                "first": 0.007687807083129883,
                "avg": 0.006527900695800781,
                "from": 132,
                "to": 132
            },
            "18": {
                "first": 0.019356727600097656,
                "avg": 0.017774486541748048,
                "from": 133,
                "to": 146
            },
            "19": {
                "first": 0.020842313766479492,
                "avg": 0.01937645673751831,
                "from": 147,
                "to": 160
            },
            "20": {
                "first": 0.005058765411376953,
                "avg": 0.004063081741333008,
                "from": 161,
                "to": 161
            },
            "21": {
                "first": 0.003387928009033203,
                "avg": 0.0033239960670471192,
                "from": 162,
                "to": 162
            },
            "22": {
                "first": 0.006348371505737305,
                "avg": 0.006319999694824219,
                "from": 163,
                "to": 163
            }
        }
    },
    "throughout-mode": {
        "raw": {
            "avg": 0.0072556018829345705,
            "from": 0,
            "to": 163
        },
        "childs": {
            "0": {
                "avg": 0.0037575284639994305,
                "from": 0,
                "to": 24
            },
            "1": {
                "avg": 0.020334362983703613,
                "from": 25,
                "to": 25
            },
            "2": {
                "avg": 0.02577826182047526,
                "from": 26,
                "to": 26
            },
            "3": {
                "avg": 0.011011219024658203,
                "from": 27,
                "to": 27
            },
            "4": {
                "avg": 0.005194242795308431,
                "from": 28,
                "to": 28
            },
            "5": {
                "avg": 0.0051616311073303224,
                "from": 29,
                "to": 29
            },
            "6": {
                "avg": 0.0165596604347229,
                "from": 30,
                "to": 30
            },
            "7": {
                "avg": 0.019359636306762695,
                "from": 31,
                "to": 31
            },
            "8": {
                "avg": 0.00827882687250773,
                "from": 32,
                "to": 32
            },
            "9": {
                "avg": 0.00502016544342041,
                "from": 33,
                "to": 46
            },
            "10": {
                "avg": 0.008573333422342936,
                "from": 47,
                "to": 60
            },
            "11": {
                "avg": 0.005083878835042317,
                "from": 61,
                "to": 61
            },
            "12": {
                "avg": 0.00276566743850708,
                "from": 62,
                "to": 75
            },
            "13": {
                "avg": 0.002787625789642334,
                "from": 76,
                "to": 89
            },
            "14": {
                "avg": 0.002814348538716634,
                "from": 90,
                "to": 103
            },
            "15": {
                "avg": 0.0028638561566670735,
                "from": 104,
                "to": 117
            },
            "16": {
                "avg": 0.004121394952138265,
                "from": 118,
                "to": 131
            },
            "17": {
                "avg": 0.001777517795562744,
                "from": 132,
                "to": 132
            },
            "18": {
                "avg": 0.001372234026590983,
                "from": 133,
                "to": 146
            },
            "19": {
                "avg": 0.0016071716944376627,
                "from": 147,
                "to": 160
            },
            "20": {
                "avg": 0.000411065419514974,
                "from": 161,
                "to": 161
            },
            "21": {
                "avg": 5.296071370442708e-05,
                "from": 162,
                "to": 162
            },
            "22": {
                "avg": 8.951425552368164e-05,
                "from": 163,
                "to": 163
            }
        }
    }
}