{
    "cold-run-mode": {
        "raw": {
            "first": 1.147118091583252,
            "avg": 0.19673961400985718,
            "from": 0,
            "to": 163
        },
        "sequentially": {
            "first": 0.19086766242980957,
            "avg": 0.19044070243835448,
            "from": 0,
            "to": 163
        },
        "childs": {
            "0": {
                "first": 0.19788050651550293,
                "avg": 0.18923994302749633,
                "from": 0,
                "to": 163
            }
        }
    },
    "throughout-mode": {
        "raw": {
            "avg": 0.00709305206934611,
            "from": 0,
            "to": 163
        },
        "childs": {
            "0": {
                "avg": 0.007082120577494303,
                "from": 0,
                "to": 163
            }
        }
    }
}