{
    "resnet50": {
        "GPU": {
            "count": 5,
            "whole_time_by_onnx": 0.04873647689819336,
            "whole_gpu_memory_by_onnx": 419.875,
            "whole_time_by_function": 0.052380704879760744,
            "whole_gpu_memory_by_function": 264.0,
            "whole_time_by_child": {
                "childs": [
                    0.0067730903625488285,
                    0.010719108581542968,
                    0.010592937469482422,
                    0.008911800384521485,
                    0.0030589580535888674,
                    0.012634897232055664,
                    0.010982131958007813,
                    0.022555828094482422,
                    0.005641317367553711,
                    0.020888233184814455,
                    0.0030865192413330076,
                    0.015061473846435547,
                    0.0014767646789550781,
                    0.0015160083770751954,
                    0.0011909961700439452,
                    9.007453918457032e-05,
                    8.864402770996094e-05,
                    0.0002753734588623047
                ],
                "whole": 0.13554415702819828
            },
            "whole_gpu_memory_by_childs": {
                "childs": [
                    468.9375,
                    540.9375,
                    494.9375,
                    460.9375,
                    438.9375,
                    552.9375,
                    540.9375,
                    546.9375,
                    476.9375,
                    512.9375,
                    440.9375,
                    500.9375,
                    420.9375,
                    414.9375,
                    408.9375,
                    402.9375,
                    402.9375,
                    410.9375
                ],
                "whole": 552.9375
            }
        },
        "CPU": {
            "count": 5,
            "whole_time_by_onnx": 4.307652187347412,
            "whole_gpu_memory_by_onnx": 0.0,
            "whole_time_by_function": 4.287281322479248,
            "whole_gpu_memory_by_function": 0.0,
            "whole_time_by_child": {
                "childs": [
                    0.12162632942199707,
                    0.015596532821655273,
                    0.012141609191894531,
                    0.011468839645385743,
                    0.005470848083496094,
                    0.744201374053955,
                    0.015382146835327149,
                    1.2106404304504395,
                    0.008479166030883788,
                    1.4864299774169922,
                    0.004022789001464844,
                    0.7333323001861572,
                    0.002001333236694336,
                    0.0019756317138671874,
                    0.0017422676086425782,
                    3.7384033203125e-05,
                    0.00011096000671386718,
                    0.00401611328125
                ],
                "whole": 4.37867603302002
            },
            "whole_gpu_memory_by_childs": {
                "childs": [
                    402.9375,
                    402.9375,
                    402.9375,
                    402.9375,
                    402.9375,
                    402.9375,
                    402.9375,
                    402.9375,
                    402.9375,
                    402.9375,
                    402.9375,
                    402.9375,
                    402.9375,
                    402.9375,
                    402.9375,
                    402.9375,
                    402.9375,
                    402.9375
                ],
                "whole": 402.9375
            }
        }
    }
}