{
    "googlenet": {
        "GPU": {
            "count": 5,
            "whole_time_by_onnx": 0.008729124069213867,
            "whole_time_by_function": 0.008580303192138672,
            "whole_time_by_child": {
                "childs": [
                    0.00043735504150390627,
                    0.0007055759429931641,
                    0.0005779266357421875,
                    0.00028429031372070315,
                    0.00027980804443359373,
                    0.0002935886383056641,
                    0.00028705596923828125,
                    0.0005973339080810547,
                    0.0005713462829589844,
                    0.0005802154541015625,
                    0.000571584701538086,
                    0.0017873287200927735,
                    0.004238271713256836,
                    0.0028409481048583983,
                    9.398460388183593e-05,
                    7.424354553222656e-05,
                    4.172325134277344e-05,
                    4.706382751464844e-05,
                    5.7125091552734374e-05,
                    5.407333374023438e-05
                ],
                "whole": 0.014420843124389649
            }
        },
        "CPU": {
            "count": 5,
            "whole_time_by_onnx": 0.09505443572998047,
            "whole_time_by_function": 0.008595800399780274,
            "whole_time_by_child": {
                "childs": [
                    0.0004317760467529297,
                    0.0006758689880371094,
                    0.0005528926849365234,
                    0.0002737522125244141,
                    0.00028252601623535156,
                    0.000276947021484375,
                    0.00027356147766113283,
                    0.0005765914916992188,
                    0.0005568504333496094,
                    0.0005508899688720703,
                    0.0005622386932373046,
                    0.0018191337585449219,
                    0.004226875305175781,
                    0.002841949462890625,
                    9.365081787109375e-05,
                    6.108283996582031e-05,
                    4.062652587890625e-05,
                    4.544258117675781e-05,
                    5.5837631225585935e-05,
                    4.930496215820313e-05
                ],
                "whole": 0.014247798919677734
            }
        }
    },
    "resnet50": {
        "GPU": {
            "count": 5,
            "whole_time_by_onnx": 0.006552791595458985,
            "whole_time_by_function": 0.006552410125732422,
            "whole_time_by_child": {
                "childs": [
                    0.00045800209045410156,
                    0.0007409095764160156,
                    0.0006864070892333984,
                    0.0008778572082519531,
                    0.0003050327301025391,
                    0.0009869575500488282,
                    0.0007570743560791016,
                    0.0017626762390136718,
                    0.0004062652587890625,
                    0.002624177932739258,
                    0.0003029823303222656,
                    0.002191495895385742,
                    0.00017485618591308593,
                    0.0001552581787109375,
                    0.00012259483337402345,
                    6.723403930664062e-05,
                    0.00010118484497070312,
                    5.087852478027344e-05
                ],
                "whole": 0.012771844863891603
            }
        },
        "CPU": {
            "count": 5,
            "whole_time_by_onnx": 0.20673012733459473,
            "whole_time_by_function": 0.006547880172729492,
            "whole_time_by_child": {
                "childs": [
                    0.0004851818084716797,
                    0.0007280826568603516,
                    0.00067596435546875,
                    0.0005496978759765625,
                    0.00031032562255859373,
                    0.0010010242462158204,
                    0.0007337093353271485,
                    0.0017450809478759765,
                    0.00040740966796875,
                    0.0026224136352539064,
                    0.00029969215393066406,
                    0.0021904468536376952,
                    0.0001704692840576172,
                    0.0001617431640625,
                    0.00011949539184570312,
                    7.042884826660156e-05,
                    4.5013427734375e-05,
                    5.245208740234375e-05
                ],
                "whole": 0.01236863136291504
            }
        }
    },
    "squeezenetv1": {
        "GPU": {
            "count": 5,
            "whole_time_by_onnx": 0.003761577606201172,
            "whole_time_by_function": 0.0037587165832519533,
            "whole_time_by_child": {
                "childs": [
                    0.00043740272521972654,
                    0.0009636878967285156,
                    0.000539398193359375,
                    0.00036306381225585936,
                    0.00019626617431640626,
                    0.00020689964294433593,
                    0.0003262996673583984,
                    9.593963623046874e-05,
                    0.00021071434020996093,
                    0.00046677589416503905,
                    0.00011959075927734376,
                    7.343292236328125e-05,
                    0.00017061233520507813,
                    0.00021729469299316406,
                    6.890296936035156e-05,
                    0.00017170906066894532,
                    0.0002243518829345703,
                    0.0001194000244140625,
                    5.588531494140625e-05,
                    0.00013957023620605468,
                    0.00013818740844726563,
                    5.307197570800781e-05,
                    0.00013647079467773437,
                    0.00013098716735839843,
                    0.00012621879577636718,
                    0.00014638900756835938,
                    0.0002765655517578125,
                    5.7125091552734374e-05,
                    0.0001483440399169922,
                    0.00012292861938476563,
                    0.002475929260253906,
                    0.00023245811462402344,
                    0.00023932456970214843,
                    0.00019516944885253907,
                    5.145072937011719e-05
                ],
                "whole": 0.009697818756103515
            }
        },
        "CPU": {
            "count": 5,
            "whole_time_by_onnx": 0.017996501922607423,
            "whole_time_by_function": 0.0037580490112304687,