{
    "cold-run-mode": {
        "raw": {
            "first": 0.29525208473205566,
            "avg": 0.24395160675048827,
            "from": 0,
            "to": 121
        },
        "sequentially": {
            "first": 0.3813817501068115,
            "avg": 0.3774610161781311,
            "from": 0,
            "to": 121
        },
        "childs": {
            "0": {
                "first": 0.04731154441833496,
                "avg": 0.048386883735656736,
                "from": 0,
                "to": 12
            },
            "1": {
                "first": 0.08064389228820801,
                "avg": 0.0828258752822876,
                "from": 13,
                "to": 22
            },
            "2": {
                "first": 0.043920278549194336,
                "avg": 0.03889772891998291,
                "from": 23,
                "to": 45
            },
            "3": {
                "first": 0.19859790802001953,
                "avg": 0.20200210809707642,
                "from": 46,
                "to": 121
            }
        }
    },
    "throughout-mode": {
        "raw": {
            "avg": 0.08734764258066813,
            "from": 0,
            "to": 121
        },
        "childs": {
            "0": {
                "avg": 0.03138916889826457,
                "from": 0,
                "to": 12
            },
            "1": {
                "avg": 0.057623112201690675,
                "from": 13,
                "to": 22
            },
            "2": {
                "avg": 0.03064917723337809,
                "from": 23,
                "to": 45
            },
            "3": {
                "avg": 0.057934614022572835,
                "from": 46,
                "to": 121
            }
        }
    }
}