{
    "cold-run-mode": {
        "raw": {
            "first": 0.26017093658447266,
            "avg": 0.2590872049331665,
            "from": 0,
            "to": 121
        },
        "sequentially": {
            "first": 0.38943004608154297,
            "avg": 0.3784033298492432,
            "from": 0,
            "to": 121
        },
        "childs": {
            "0": {
                "first": 0.056413888931274414,
                "avg": 0.05737050771713257,
                "from": 0,
                "to": 13
            },
            "1": {
                "first": 0.07236456871032715,
                "avg": 0.07097859382629394,
                "from": 14,
                "to": 23
            },
            "2": {
                "first": 0.042630672454833984,
                "avg": 0.040078258514404295,
                "from": 24,
                "to": 46
            },
            "3": {
                "first": 0.19482827186584473,
                "avg": 0.20437328815460204,
                "from": 47,
                "to": 121
            }
        }
    },
    "throughout-mode": {
        "raw": {
            "avg": 0.09072614510854085,
            "from": 0,
            "to": 121
        },
        "childs": {
            "0": {
                "avg": 0.0327790101369222,
                "from": 0,
                "to": 13
            },
            "1": {
                "avg": 0.045479245980580646,
                "from": 14,
                "to": 23
            },
            "2": {
                "avg": 0.030406999588012695,
                "from": 24,
                "to": 46
            },
            "3": {
                "avg": 0.058685954411824545,
                "from": 47,
                "to": 121
            }
        }
    }
}