{
    "cold-run-mode": {
        "raw": {
            "first": 0.2547426223754883,
            "avg": 0.24771466255187988,
            "from": 0,
            "to": 121
        },
        "sequentially": {
            "first": 0.3549654483795166,
            "avg": 0.34861098527908324,
            "from": 0,
            "to": 121
        },
        "childs": {
            "0": {
                "first": 0.03256368637084961,
                "avg": 0.03934324979782104,
                "from": 0,
                "to": 10
            },
            "1": {
                "first": 0.07133674621582031,
                "avg": 0.07164822816848755,
                "from": 11,
                "to": 24
            },
            "2": {
                "first": 0.05268454551696777,
                "avg": 0.05186251401901245,
                "from": 25,
                "to": 60
            },
            "3": {
                "first": 0.18726396560668945,
                "avg": 0.1808125853538513,
                "from": 61,
                "to": 121
            }
        }
    },
    "throughout-mode": {
        "raw": {
            "avg": 0.0863233764966329,
            "from": 0,
            "to": 121
        },
        "childs": {
            "0": {
                "avg": 0.023401427268981933,
                "from": 0,
                "to": 10
            },
            "1": {
                "avg": 0.05194922288258871,
                "from": 11,
                "to": 24
            },
            "2": {
                "avg": 0.03564196030298869,
                "from": 25,
                "to": 60
            },
            "3": {
                "avg": 0.051608951886494954,
                "from": 61,
                "to": 121
            }
        }
    }
}