{
    "cold-run-mode": {
        "raw": {
            "first": 0.25354623794555664,
            "avg": 0.2436651110649109,
            "from": 0,
            "to": 121
        },
        "sequentially": {
            "first": 0.5750114917755127,
            "avg": 0.596768069267273,
            "from": 0,
            "to": 121
        },
        "childs": {
            "0": {
                "first": 0.03818702697753906,
                "avg": 0.039192259311676025,
                "from": 0,
                "to": 0
            },
            "1": {
                "first": 0.0176088809967041,
                "avg": 0.018241095542907714,
                "from": 1,
                "to": 1
            },
            "2": {
                "first": 0.013417720794677734,
                "avg": 0.013434052467346191,
                "from": 2,
                "to": 2
            },
            "3": {
                "first": 0.04529857635498047,
                "avg": 0.0451529860496521,
                "from": 3,
                "to": 9
            },
            "4": {
                "first": 0.014108657836914062,
                "avg": 0.018181443214416504,
                "from": 10,
                "to": 10
            },
            "5": {
                "first": 0.042196035385131836,
                "avg": 0.04224075078964233,
                "from": 11,
                "to": 16
            },
            "6": {
                "first": 0.01778435707092285,
                "avg": 0.017837417125701905,
                "from": 17,
                "to": 17
            },
            "7": {
                "first": 0.042153120040893555,
                "avg": 0.042468142509460446,
                "from": 18,
                "to": 23
            },
            "8": {
                "first": 0.017929553985595703,
                "avg": 0.01784569025039673,
                "from": 24,
                "to": 24
            },
            "9": {
                "first": 0.03455162048339844,
                "avg": 0.030997395515441895,
                "from": 25,
                "to": 31
            },
            "10": {
                "first": 0.008593320846557617,
                "avg": 0.004892086982727051,
                "from": 32,
                "to": 32
            },
            "11": {
                "first": 0.02057957649230957,
                "avg": 0.021434617042541505,
                "from": 33,
                "to": 38
            },
            "12": {
                "first": 0.005789518356323242,
                "avg": 0.004940176010131836,
                "from": 39,
                "to": 39
            },
            "13": {
                "first": 0.015408515930175781,
                "avg": 0.02018859386444092,
                "from": 40,
                "to": 45
            },
            "14": {
                "first": 0.005124807357788086,
                "avg": 0.0054286599159240724,
                "from": 46,
                "to": 46
            },
            "15": {
                "first": 0.019596576690673828,
                "avg": 0.019502389430999755,
                "from": 47,
                "to": 52
            },
            "16": {
                "first": 0.004683256149291992,
                "avg": 0.004863524436950683,
                "from": 53,
                "to": 53
            },
            "17": {
                "first": 0.028437137603759766,
                "avg": 0.024170851707458495,
                "from": 54,
                "to": 60
            },
            "18": {
                "first": 0.0030364990234375,
                "avg": 0.002681887149810791,
                "from": 61,
                "to": 61
            },
            "19": {
                "first": 0.01451420783996582,
                "avg": 0.013566017150878906,
                "from": 62,
                "to": 67
            },
            "20": {
                "first": 0.004629611968994141,
                "avg": 0.0026700854301452636,
                "from": 68,
                "to": 68
            },
            "21": {
                "first": 0.014045238494873047,
                "avg": 0.013495898246765137,
                "from": 69,
                "to": 74
            },
            "22": {
                "first": 0.0029981136322021484,
                "avg": 0.0026688694953918455,
                "from": 75,
                "to": 75
            },
            "23": {
                "first": 0.01781773567199707,
                "avg": 0.013586211204528808,
                "from": 76,
                "to": 81
            },
            "24": {
                "first": 0.0035996437072753906,
                "avg": 0.002671647071838379,
                "from": 82,
                "to": 82
            },
            "25": {
                "first": 0.015890121459960938,
                "avg": 0.013140332698822022,
                "from": 83,
                "to": 88
            },
            "26": {
                "first": 0.0029211044311523438,
                "avg": 0.002799403667449951,
                "from": 89,
                "to": 89
            },
            "27": {
                "first": 0.014191627502441406,
                "avg": 0.013236141204833985,
                "from": 90,
                "to": 95
            },
            "28": {
                "first": 0.0030069351196289062,
                "avg": 0.0026935577392578126,
                "from": 96,
                "to": 96
            },
            "29": {
                "first": 0.052610158920288086,
                "avg": 0.04005565643310547,
                "from": 97,
                "to": 103
            },
            "30": {
                "first": 0.001697540283203125,
                "avg": 0.0013596773147583007,
                "from": 104,
                "to": 104
            },
            "31": {
                "first": 0.03656578063964844,
                "avg": 0.025700461864471436,
                "from": 105,
                "to": 110
            },
            "32": {
                "first": 0.0017566680908203125,
                "avg": 0.0013427138328552246,
                "from": 111,
                "to": 111
            },
            "33": {
                "first": 0.03409385681152344,
                "avg": 0.025893187522888182,
                "from": 112,
                "to": 117
            },
            "34": {
                "first": 0.0017495155334472656,
                "avg": 0.001470804214477539,
                "from": 118,
                "to": 118
            },
            "35": {
                "first": 0.001054525375366211,
                "avg": 0.0009152770042419433,
                "from": 119,
                "to": 119
            },
            "36": {
                "first": 0.0006315708160400391,
                "avg": 0.0005267739295959472,
                "from": 120,
                "to": 120
            },
            "37": {
                "first": 0.00631403923034668,
                "avg": 0.006717157363891601,
                "from": 121,
                "to": 121
            }
        }
    },
    "throughout-mode": {
        "raw": {
            "avg": 0.08774936199188232,
            "from": 0,
            "to": 121
        },
        "childs": {
            "0": {
                "avg": 0.02321025530497233,
                "from": 0,
                "to": 0
            },
            "1": {
                "avg": 0.014714133739471436,
                "from": 1,
                "to": 1
            },
            "2": {
                "avg": 0.0070132215817769366,
                "from": 2,
                "to": 2
            },
            "3": {
                "avg": 0.029109398523966473,
                "from": 3,
                "to": 9
            },
            "4": {
                "avg": 0.011316112677256266,
                "from": 10,