{
    "cold-run-mode": {
        "raw": {
            "first": 0.2765195369720459,
            "avg": 0.28793643712997435,
            "from": 0,
            "to": 121
        },
        "sequentially": {
            "first": 0.4044973850250244,
            "avg": 0.3953765511512756,
            "from": 0,
            "to": 121
        },
        "childs": {
            "0": {
                "first": 0.07637691497802734,
                "avg": 0.06916037797927857,
                "from": 0,
                "to": 13
            },
            "1": {
                "first": 0.06807494163513184,
                "avg": 0.06884946823120117,
                "from": 14,
                "to": 23
            },
            "2": {
                "first": 0.05633139610290527,
                "avg": 0.05984705686569214,
                "from": 24,
                "to": 46
            },
            "3": {
                "first": 0.18877124786376953,
                "avg": 0.2068242073059082,
                "from": 47,
                "to": 121
            }
        }
    },
    "throughout-mode": {
        "raw": {
            "avg": 0.012943657239278157,
            "from": 0,
            "to": 121
        },
        "childs": {
            "0": {
                "avg": 0.023704286416371664,
                "from": 0,
                "to": 13
            },
            "1": {
                "avg": 0.02816705306371053,
                "from": 14,
                "to": 23
            },
            "2": {
                "avg": 0.015154365698496501,
                "from": 24,
                "to": 46
            },
            "3": {
                "avg": 0.010113839308420818,
                "from": 47,
                "to": 121
            }
        }
    }
}