{
    "cold-run-mode": {
        "raw": {
            "first": 0.30353617668151855,
            "avg": 0.29074859619140625,
            "from": 0,
            "to": 121
        },
        "sequentially": {
            "first": 0.3858797550201416,
            "avg": 0.3840165972709656,
            "from": 0,
            "to": 121
        },
        "childs": {
            "0": {
                "first": 0.07024502754211426,
                "avg": 0.05886673927307129,
                "from": 0,
                "to": 10
            },
            "1": {
                "first": 0.06554532051086426,
                "avg": 0.06675845384597778,
                "from": 11,
                "to": 24
            },
            "2": {
                "first": 0.08211326599121094,
                "avg": 0.08391450643539429,
                "from": 25,
                "to": 60
            },
            "3": {
                "first": 0.16025757789611816,
                "avg": 0.16850298643112183,
                "from": 61,
                "to": 121
            }
        }
    },
    "throughout-mode": {
        "raw": {
            "avg": 0.012893942991892497,
            "from": 0,
            "to": 121
        },
        "childs": {
            "0": {
                "avg": 0.019535422325134277,
                "from": 0,
                "to": 10
            },
            "1": {
                "avg": 0.024269203344980877,
                "from": 11,
                "to": 24
            },
            "2": {
                "avg": 0.012737790743509928,
                "from": 25,
                "to": 60
            },
            "3": {
                "avg": 0.006516436735788981,
                "from": 61,
                "to": 121
            }
        }
    }
}