{
    "cold-run-mode": {
        "raw": {
            "first": 0.28300952911376953,
            "avg": 0.2857812762260437,
            "from": 0,
            "to": 121
        },
        "sequentially": {
            "first": 0.45743298530578613,
            "avg": 0.4477959990501404,
            "from": 0,
            "to": 121
        },
        "childs": {
            "0": {
                "first": 0.08659005165100098,
                "avg": 0.06869828701019287,
                "from": 0,
                "to": 12
            },
            "1": {
                "first": 0.10104513168334961,
                "avg": 0.1038848876953125,
                "from": 13,
                "to": 22
            },
            "2": {
                "first": 0.07869482040405273,
                "avg": 0.07405595779418946,
                "from": 23,
                "to": 45
            },
            "3": {
                "first": 0.1814134120941162,
                "avg": 0.1995583415031433,
                "from": 46,
                "to": 121
            }
        }
    },
    "throughout-mode": {
        "raw": {
            "avg": 0.012953877449035645,
            "from": 0,
            "to": 121
        },
        "childs": {
            "0": {
                "avg": 0.022324562072753906,
                "from": 0,
                "to": 12
            },
            "1": {
                "avg": 0.04190467198689778,
                "from": 13,
                "to": 22
            },
            "2": {
                "avg": 0.019587914148966473,
                "from": 23,
                "to": 45
            },
            "3": {
                "avg": 0.009700298309326172,
                "from": 46,
                "to": 121
            }
        }
    }
}