{
    "cold-run-mode": {
        "raw": {
            "first": 0.31536245346069336,
            "avg": 0.2995044469833374,
            "from": 0,
            "to": 121
        },
        "sequentially": {
            "first": 1.0904653072357178,
            "avg": 1.0612020373344422,
            "from": 0,
            "to": 121
        },
        "childs": {
            "0": {
                "first": 0.04886603355407715,
                "avg": 0.04937314987182617,
                "from": 0,
                "to": 0
            },
            "1": {
                "first": 0.04906487464904785,
                "avg": 0.04982457160949707,
                "from": 1,
                "to": 1
            },
            "2": {
                "first": 0.017500638961791992,
                "avg": 0.016770648956298827,
                "from": 2,
                "to": 2
            },
            "3": {
                "first": 0.05687403678894043,
                "avg": 0.056421422958374025,
                "from": 3,
                "to": 9
            },
            "4": {
                "first": 0.04984259605407715,
                "avg": 0.049516725540161136,
                "from": 10,
                "to": 10
            },
            "5": {
                "first": 0.06178569793701172,
                "avg": 0.06118619441986084,
                "from": 11,
                "to": 16
            },
            "6": {
                "first": 0.04973554611206055,
                "avg": 0.04957599639892578,
                "from": 17,
                "to": 17
            },
            "7": {
                "first": 0.06110095977783203,
                "avg": 0.0611844539642334,
                "from": 18,
                "to": 23
            },
            "8": {
                "first": 0.04965543746948242,
                "avg": 0.04959176778793335,
                "from": 24,
                "to": 24
            },
            "9": {
                "first": 0.04726982116699219,
                "avg": 0.04225802421569824,
                "from": 25,
                "to": 31
            },
            "10": {
                "first": 0.023405790328979492,
                "avg": 0.022885429859161376,
                "from": 32,
                "to": 32
            },
            "11": {
                "first": 0.03224635124206543,
                "avg": 0.03235750198364258,
                "from": 33,
                "to": 38
            },
            "12": {
                "first": 0.016658782958984375,
                "avg": 0.02284243106842041,
                "from": 39,
                "to": 39
            },
            "13": {
                "first": 0.032273292541503906,
                "avg": 0.03305139541625977,
                "from": 40,
                "to": 45
            },
            "14": {
                "first": 0.0158693790435791,
                "avg": 0.0217850923538208,
                "from": 46,
                "to": 46
            },
            "15": {
                "first": 0.0336613655090332,
                "avg": 0.03372975587844849,
                "from": 47,
                "to": 52
            },
            "16": {
                "first": 0.015795230865478516,
                "avg": 0.022662925720214843,
                "from": 53,
                "to": 53
            },
            "17": {
                "first": 0.029973268508911133,
                "avg": 0.028632843494415285,
                "from": 54,
                "to": 60
            },
            "18": {
                "first": 0.01042628288269043,
                "avg": 0.009436142444610596,
                "from": 61,
                "to": 61
            },
            "19": {
                "first": 0.02036285400390625,
                "avg": 0.02147824764251709,
                "from": 62,
                "to": 67
            },
            "20": {
                "first": 0.009888410568237305,
                "avg": 0.009462988376617432,
                "from": 68,
                "to": 68
            },
            "21": {
                "first": 0.02048969268798828,
                "avg": 0.020763802528381347,
                "from": 69,
                "to": 74
            },
            "22": {
                "first": 0.009818553924560547,
                "avg": 0.00935879945755005,
                "from": 75,
                "to": 75
            },
            "23": {
                "first": 0.025990009307861328,
                "avg": 0.021000766754150392,
                "from": 76,
                "to": 81
            },
            "24": {
                "first": 0.01001429557800293,
                "avg": 0.009586894512176513,
                "from": 82,
                "to": 82
            },
            "25": {
                "first": 0.02051568031311035,
                "avg": 0.020845937728881835,
                "from": 83,
                "to": 88
            },
            "26": {
                "first": 0.009934186935424805,
                "avg": 0.009372901916503907,
                "from": 89,
                "to": 89
            },
            "27": {
                "first": 0.020528316497802734,
                "avg": 0.02085874080657959,
                "from": 90,
                "to": 95
            },
            "28": {
                "first": 0.00986790657043457,
                "avg": 0.009361815452575684,
                "from": 96,
                "to": 96
            },
            "29": {
                "first": 0.035009145736694336,
                "avg": 0.037106645107269284,
                "from": 97,
                "to": 103
            },
            "30": {
                "first": 0.011283397674560547,
                "avg": 0.006754171848297119,
                "from": 104,
                "to": 104
            },
            "31": {
                "first": 0.028872013092041016,
                "avg": 0.02836780548095703,
                "from": 105,
                "to": 110
            },
            "32": {
                "first": 0.012495756149291992,
                "avg": 0.006735813617706299,
                "from": 111,
                "to": 111
            },
            "33": {
                "first": 0.02743840217590332,
                "avg": 0.028404831886291504,
                "from": 112,
                "to": 117
            },
            "34": {
                "first": 0.007513523101806641,
                "avg": 0.006640613079071045,
                "from": 118,
                "to": 118
            },
            "35": {
                "first": 0.00498652458190918,
                "avg": 0.004667592048645019,
                "from": 119,
                "to": 119
            },
            "36": {
                "first": 0.0041315555572509766,
                "avg": 0.003937387466430664,
                "from": 120,
                "to": 120
            },
            "37": {
                "first": 0.014404296875,
                "avg": 0.010645174980163574,
                "from": 121,
                "to": 121
            }
        }
    },
    "throughout-mode": {
        "raw": {
            "avg": 0.012975744406382243,
            "from": 0,
            "to": 121
        },
        "childs": {
            "0": {
                "avg": 0.0191568652788798,
                "from": 0,
                "to": 0
            },
            "1": {
                "avg": 0.024334720770517983,
                "from": 1,
                "to": 1
            },
            "2": {
                "avg": 0.009874423344930014,
                "from": 2,
                "to": 2
            },
            "3": {
                "avg": 0.020438313484191895,
                "from": 3,
                "to": 9
            },
            "4": {
                "avg": 0.0243501345316569,
                "from": 10,
                "to": 10
            },