{
    "cold-run-mode": {
        "raw": {
            "first": 1.1891427040100098,
            "avg": 0.2927538394927979,
            "from": 0,
            "to": 121
        },
        "sequentially": {
            "first": 0.2945432662963867,
            "avg": 0.287026584148407,
            "from": 0,
            "to": 121
        },
        "childs": {
            "0": {
                "first": 0.11064028739929199,
                "avg": 0.11024566888809204,
                "from": 0,
                "to": 61
            },
            "1": {
                "first": 0.16830706596374512,
                "avg": 0.17165298461914064,
                "from": 62,
                "to": 121
            }
        }
    },
    "throughout-mode": {
        "raw": {
            "avg": 0.01260451078414917,
            "from": 0,
            "to": 121
        },
        "childs": {
            "0": {
                "avg": 0.010656364758809407,
                "from": 0,
                "to": 61
            },
            "1": {
                "avg": 0.006415605545043945,
                "from": 62,
                "to": 121
            }
        }
    }
}