{
    "cold-run-mode": {
        "raw": {
            "first": 2.512420892715454,
            "avg": 0.28259106874465945,
            "from": 0,
            "to": 121
        },
        "sequentially": {
            "first": 0.3182830810546875,
            "avg": 0.27505241632461547,
            "from": 0,
            "to": 121
        },
        "childs": {
            "0": {
                "first": 0.10556244850158691,
                "avg": 0.10772795677185058,
                "from": 0,
                "to": 61
            },
            "1": {
                "first": 0.1614832878112793,
                "avg": 0.1537882685661316,
                "from": 62,
                "to": 121
            }
        }
    },
    "throughout-mode": {
        "raw": {
            "avg": 0.012839861710866292,
            "from": 0,
            "to": 121
        },
        "childs": {
            "0": {
                "avg": 0.010334142049153646,
                "from": 0,
                "to": 61
            },
            "1": {
                "avg": 0.006449389457702637,
                "from": 62,
                "to": 121
            }
        }
    }
}