{
    "cold-run-mode": {
        "raw": {
            "first": 0.5985782146453857,
            "avg": 0.6063307642936706,
            "from": 0,
            "to": 83
        },
        "sequentially": {
            "first": 0.6499295234680176,
            "avg": 0.6415140390396118,
            "from": 0,
            "to": 83
        },
        "childs": {
            "0": {
                "first": 0.019558191299438477,
                "avg": 0.017456161975860595,
                "from": 0,
                "to": 1
            },
            "1": {
                "first": 0.012414693832397461,
                "avg": 0.012486767768859864,
                "from": 2,
                "to": 7
            },
            "2": {
                "first": 0.025743961334228516,
                "avg": 0.03347302675247192,
                "from": 8,
                "to": 39
            },
            "3": {
                "first": 0.5718698501586914,
                "avg": 0.5759806394577026,
                "from": 40,
                "to": 83
            }
        }
    },
    "throughout-mode": {
        "raw": {
            "avg": 0.022341402371724446,
            "from": 0,
            "to": 83
        },
        "childs": {
            "0": {
                "avg": 0.008445978164672852,
                "from": 0,
                "to": 1
            },
            "1": {
                "avg": 0.00566476583480835,
                "from": 2,
                "to": 7
            },
            "2": {
                "avg": 0.006363677978515625,
                "from": 8,
                "to": 39
            },
            "3": {
                "avg": 0.013962769508361816,
                "from": 40,
                "to": 83
            }
        }
    }
}