{
    "cold-run-mode": {
        "raw": {
            "first": 0.5899186134338379,
            "avg": 0.5668084740638732,
            "from": 0,
            "to": 83
        },
        "sequentially": {
            "first": 0.604766845703125,
            "avg": 0.6051256775856018,
            "from": 0,
            "to": 83
        },
        "childs": {
            "0": {
                "first": 0.015143871307373047,
                "avg": 0.0163352370262146,
                "from": 0,
                "to": 0
            },
            "1": {
                "first": 0.0220181941986084,
                "avg": 0.021808409690856935,
                "from": 1,
                "to": 6
            },
            "2": {
                "first": 0.02508687973022461,
                "avg": 0.02480090856552124,
                "from": 7,
                "to": 38
            },
            "3": {
                "first": 0.536301851272583,
                "avg": 0.5345039963722229,
                "from": 39,
                "to": 83
            }
        }
    },
    "throughout-mode": {
        "raw": {
            "avg": 0.022188111146291097,
            "from": 0,
            "to": 83
        },
        "childs": {
            "0": {
                "avg": 0.00804064671198527,
                "from": 0,
                "to": 0
            },
            "1": {
                "avg": 0.011448204517364502,
                "from": 1,
                "to": 6
            },
            "2": {
                "avg": 0.0068168123563130695,
                "from": 7,
                "to": 38
            },
            "3": {
                "avg": 0.013700906435648601,
                "from": 39,
                "to": 83
            }
        }
    }
}