{
    "cold-run-mode": {
        "raw": {
            "first": 0.663034200668335,
            "avg": 0.6404097318649292,
            "from": 0,
            "to": 83
        },
        "sequentially": {
            "first": 0.640291690826416,
            "avg": 0.6329293131828309,
            "from": 0,
            "to": 83
        },
        "childs": {
            "0": {
                "first": 0.01945185661315918,
                "avg": 0.01697331666946411,
                "from": 0,
                "to": 2
            },
            "1": {
                "first": 0.011706352233886719,
                "avg": 0.011583423614501953,
                "from": 3,
                "to": 11
            },
            "2": {
                "first": 0.45954155921936035,
                "avg": 0.4431212663650513,
                "from": 12,
                "to": 79
            },
            "3": {
                "first": 0.17380380630493164,
                "avg": 0.17302619218826293,
                "from": 80,
                "to": 83
            }
        }
    },
    "throughout-mode": {
        "raw": {
            "avg": 0.023253031571706138,
            "from": 0,
            "to": 83
        },
        "childs": {
            "0": {
                "avg": 0.00872130791346232,
                "from": 0,
                "to": 2
            },
            "1": {
                "avg": 0.005144421259562174,
                "from": 3,
                "to": 11
            },
            "2": {
                "avg": 0.01687010129292806,
                "from": 12,
                "to": 79
            },
            "3": {
                "avg": 0.0035156965255737304,
                "from": 80,
                "to": 83
            }
        }
    }
}