{
    "cold-run-mode": {
        "raw": {
            "first": 0.6234116554260254,
            "avg": 0.621370816230774,
            "from": 0,
            "to": 83
        },
        "sequentially": {
            "first": 0.6496615409851074,
            "avg": 0.6388237833976745,
            "from": 0,
            "to": 83
        },
        "childs": {
            "0": {
                "first": 0.015844106674194336,
                "avg": 0.01639331579208374,
                "from": 0,
                "to": 0
            },
            "1": {
                "first": 0.010451316833496094,
                "avg": 0.0107124924659729,
                "from": 1,
                "to": 1
            },
            "2": {
                "first": 0.005647897720336914,
                "avg": 0.005310416221618652,
                "from": 2,
                "to": 2
            },
            "3": {
                "first": 0.010506391525268555,
                "avg": 0.010064792633056641,
                "from": 3,
                "to": 3
            },
            "4": {
                "first": 0.006089448928833008,
                "avg": 0.006007623672485351,
                "from": 4,
                "to": 4
            },
            "5": {
                "first": 0.00450444221496582,
                "avg": 0.004307353496551513,
                "from": 5,
                "to": 5
            },
            "6": {
                "first": 0.002475738525390625,
                "avg": 0.00257725715637207,
                "from": 6,
                "to": 6
            },
            "7": {
                "first": 0.0024878978729248047,
                "avg": 0.002452540397644043,
                "from": 7,
                "to": 7
            },
            "8": {
                "first": 0.003740072250366211,
                "avg": 0.0034182429313659667,
                "from": 8,
                "to": 8
            },
            "9": {
                "first": 0.0023725032806396484,
                "avg": 0.0020301342010498047,
                "from": 9,
                "to": 9
            },
            "10": {
                "first": 0.0013530254364013672,
                "avg": 0.0013041138648986817,
                "from": 10,
                "to": 10
            },
            "11": {
                "first": 0.0017571449279785156,
                "avg": 0.0015812993049621582,
                "from": 11,
                "to": 11
            },
            "12": {
                "first": 0.0014464855194091797,
                "avg": 0.0010789155960083008,
                "from": 12,
                "to": 12
            },
            "13": {
                "first": 0.0009665489196777344,
                "avg": 0.0009344577789306641,
                "from": 13,
                "to": 13
            },
            "14": {
                "first": 0.003570079803466797,
                "avg": 0.003353893756866455,
                "from": 14,
                "to": 14
            },
            "15": {
                "first": 0.002110004425048828,
                "avg": 0.0020356535911560058,
                "from": 15,
                "to": 15
            },
            "16": {
                "first": 0.0013611316680908203,
                "avg": 0.0012226939201354981,
                "from": 16,
                "to": 16
            },
            "17": {
                "first": 0.001142740249633789,
                "avg": 0.0010837554931640626,
                "from": 17,
                "to": 17
            },
            "18": {
                "first": 0.0033147335052490234,
                "avg": 0.0032196879386901856,
                "from": 18,
                "to": 18
            },
            "19": {
                "first": 0.0013968944549560547,
                "avg": 0.0010468840599060058,
                "from": 19,
                "to": 19
            },
            "20": {
                "first": 0.0009019374847412109,
                "avg": 0.0009083986282348633,
                "from": 20,
                "to": 20
            },
            "21": {
                "first": 0.0014698505401611328,
                "avg": 0.0013977408409118653,
                "from": 21,
                "to": 21
            },
            "22": {
                "first": 0.0010042190551757812,
                "avg": 0.0008284926414489746,
                "from": 22,
                "to": 22
            },
            "23": {
                "first": 0.0007698535919189453,
                "avg": 0.0007549762725830078,
                "from": 23,
                "to": 23
            },
            "24": {
                "first": 0.004224300384521484,
                "avg": 0.0041051506996154785,
                "from": 24,
                "to": 24
            },
            "25": {
                "first": 0.0012969970703125,
                "avg": 0.0013648629188537597,
                "from": 25,
                "to": 25
            },
            "26": {
                "first": 0.0020165443420410156,
                "avg": 0.0012618064880371093,
                "from": 26,
                "to": 26
            },
            "27": {
                "first": 0.0009670257568359375,
                "avg": 0.0008301734924316406,
                "from": 27,
                "to": 27
            },
            "28": {
                "first": 0.006087541580200195,
                "avg": 0.006101202964782715,
                "from": 28,
                "to": 28
            },
            "29": {
                "first": 0.0013608932495117188,
                "avg": 0.0007975578308105468,
                "from": 29,
                "to": 29
            },
            "30": {
                "first": 0.0006873607635498047,
                "avg": 0.0006756186485290527,
                "from": 30,
                "to": 30
            },
            "31": {
                "first": 0.0013797283172607422,
                "avg": 0.0013372182846069336,
                "from": 31,
                "to": 31
            },
            "32": {
                "first": 0.0007233619689941406,
                "avg": 0.0006432533264160156,
                "from": 32,
                "to": 32
            },
            "33": {
                "first": 0.0005984306335449219,
                "avg": 0.0005947828292846679,
                "from": 33,
                "to": 33
            },
            "34": {
                "first": 0.00590968132019043,
                "avg": 0.0061020970344543455,
                "from": 34,
                "to": 34
            },
            "35": {
                "first": 0.0013010501861572266,
                "avg": 0.0008473992347717285,
                "from": 35,
                "to": 35
            },
            "36": {
                "first": 0.0007321834564208984,
                "avg": 0.0007222771644592285,
                "from": 36,
                "to": 36
            },
            "37": {
                "first": 0.0014424324035644531,
                "avg": 0.0013425111770629882,
                "from": 37,
                "to": 37
            },
            "38": {
                "first": 0.0007355213165283203,
                "avg": 0.0006428837776184082,
                "from": 38,
                "to": 38
            },
            "39": {
                "first": 0.0006105899810791016,
                "avg": 0.0006019711494445801,
                "from": 39,
                "to": 39
            },
            "40": {
                "first": 0.005962848663330078,
                "avg": 0.006118679046630859,
                "from": 40,
                "to": 40
            },
            "41": {
                "first": 0.001352071762084961,
                "avg": 0.000776219367980957,
                "from": 41,
                "to": 41
            },