{
    "cold-run-mode": {
        "raw": {
            "first": 1.2115025520324707,
            "avg": 1.248400664329529,
            "from": 0,
            "to": 43
        },
        "sequentially": {
            "first": 1.6501553058624268,
            "avg": 1.6792289018630981,
            "from": 0,
            "to": 43
        },
        "childs": {
            "0": {
                "first": 0.17992019653320312,
                "avg": 0.16177704334259033,
                "from": 0,
                "to": 0
            },
            "1": {
                "first": 0.23518157005310059,
                "avg": 0.23291144371032715,
                "from": 1,
                "to": 3
            },
            "2": {
                "first": 0.1553056240081787,
                "avg": 0.14646283388137818,
                "from": 4,
                "to": 10
            },
            "3": {
                "first": 1.0983989238739014,
                "avg": 1.1401818156242371,
                "from": 11,
                "to": 43
            }
        }
    },
    "throughout-mode": {
        "raw": {
            "avg": 0.039916718006134035,
            "from": 0,
            "to": 43
        },
        "childs": {
            "0": {
                "avg": 0.07253990173339844,
                "from": 0,
                "to": 0
            },
            "1": {
                "avg": 0.09452517032623291,
                "from": 1,
                "to": 3
            },
            "2": {
                "avg": 0.047344617048899335,
                "from": 4,
                "to": 10
            },
            "3": {
                "avg": 0.03329532146453858,
                "from": 11,
                "to": 43
            }
        }
    }
}