{
    "cold-run-mode": {
        "raw": {
            "first": 1.2570805549621582,
            "avg": 1.2601467370986938,
            "from": 0,
            "to": 43
        },
        "sequentially": {
            "first": 1.6212918758392334,
            "avg": 1.591385054588318,
            "from": 0,
            "to": 43
        },
        "childs": {
            "0": {
                "first": 0.20951128005981445,
                "avg": 0.20592596530914306,
                "from": 0,
                "to": 2
            },
            "1": {
                "first": 0.17502188682556152,
                "avg": 0.17449871301651002,
                "from": 3,
                "to": 8
            },
            "2": {
                "first": 0.1663494110107422,
                "avg": 0.16732430458068848,
                "from": 9,
                "to": 17
            },
            "3": {
                "first": 1.0951268672943115,
                "avg": 1.089840865135193,
                "from": 18,
                "to": 43
            }
        }
    },
    "throughout-mode": {
        "raw": {
            "avg": 0.039797802766164146,
            "from": 0,
            "to": 43
        },
        "childs": {
            "0": {
                "avg": 0.07543046077092488,
                "from": 0,
                "to": 2
            },
            "1": {
                "avg": 0.07416682640711467,
                "from": 3,
                "to": 8
            },
            "2": {
                "avg": 0.04428107738494873,
                "from": 9,
                "to": 17
            },
            "3": {
                "avg": 0.024556231498718262,
                "from": 18,
                "to": 43
            }
        }
    }
}