{
    "cold-run-mode": {
        "raw": {
            "first": 1.258291482925415,
            "avg": 1.2580178022384643,
            "from": 0,
            "to": 43
        },
        "sequentially": {
            "first": 1.5927588939666748,
            "avg": 1.5479620575904847,
            "from": 0,
            "to": 43
        },
        "childs": {
            "0": {
                "first": 0.1845836639404297,
                "avg": 0.15966256856918334,
                "from": 0,
                "to": 1
            },
            "1": {
                "first": 0.13498663902282715,
                "avg": 0.13035569190979004,
                "from": 2,
                "to": 4
            },
            "2": {
                "first": 0.13399958610534668,
                "avg": 0.12268003225326538,
                "from": 5,
                "to": 11
            },
            "3": {
                "first": 1.115936517715454,
                "avg": 1.1272919535636903,
                "from": 12,
                "to": 43
            }
        }
    },
    "throughout-mode": {
        "raw": {
            "avg": 0.03982003529866537,
            "from": 0,
            "to": 43
        },
        "childs": {
            "0": {
                "avg": 0.06583169301350912,
                "from": 0,
                "to": 1
            },
            "1": {
                "avg": 0.043551862239837646,
                "from": 2,
                "to": 4
            },
            "2": {
                "avg": 0.03180890480677287,
                "from": 5,
                "to": 11
            },
            "3": {
                "avg": 0.03289649486541748,
                "from": 12,
                "to": 43
            }
        }
    }
}