{
    "cold-run-mode": {
        "raw": {
            "first": 1.2715637683868408,
            "avg": 1.2935688376426697,
            "from": 0,
            "to": 43
        },
        "sequentially": {
            "first": 3.108548879623413,
            "avg": 3.204419565200806,
            "from": 0,
            "to": 43
        },
        "childs": {
            "0": {
                "first": 0.1627209186553955,
                "avg": 0.1633651375770569,
                "from": 0,
                "to": 0
            },
            "1": {
                "first": 0.18533992767333984,
                "avg": 0.1877208709716797,
                "from": 1,
                "to": 1
            },
            "2": {
                "first": 0.2373979091644287,
                "avg": 0.22891838550567628,
                "from": 2,
                "to": 2
            },
            "3": {
                "first": 0.18144655227661133,
                "avg": 0.1830432415008545,
                "from": 3,
                "to": 3
            },
            "4": {
                "first": 0.07759308815002441,
                "avg": 0.07834184169769287,
                "from": 4,
                "to": 4
            },
            "5": {
                "first": 0.10573649406433105,
                "avg": 0.10750927925109863,
                "from": 5,
                "to": 5
            },
            "6": {
                "first": 0.09650564193725586,
                "avg": 0.09668641090393067,
                "from": 6,
                "to": 6
            },
            "7": {
                "first": 0.1351330280303955,
                "avg": 0.11996219158172608,
                "from": 7,
                "to": 7
            },
            "8": {
                "first": 0.09043741226196289,
                "avg": 0.09116674661636352,
                "from": 8,
                "to": 8
            },
            "9": {
                "first": 0.028376340866088867,
                "avg": 0.03426826000213623,
                "from": 9,
                "to": 9
            },
            "10": {
                "first": 0.06131553649902344,
                "avg": 0.06200807094573975,
                "from": 10,
                "to": 10
            },
            "11": {
                "first": 0.041263580322265625,
                "avg": 0.04433244466781616,
                "from": 11,
                "to": 11
            },
            "12": {
                "first": 0.0805361270904541,
                "avg": 0.07559311389923096,
                "from": 12,
                "to": 12
            },
            "13": {
                "first": 0.04840445518493652,
                "avg": 0.048313474655151366,
                "from": 13,
                "to": 13
            },
            "14": {
                "first": 0.07548785209655762,
                "avg": 0.07516767978668212,
                "from": 14,
                "to": 14
            },
            "15": {
                "first": 0.048227787017822266,
                "avg": 0.048150599002838135,
                "from": 15,
                "to": 15
            },
            "16": {
                "first": 0.07475447654724121,
                "avg": 0.07558217048645019,
                "from": 16,
                "to": 16
            },
            "17": {
                "first": 0.050005197525024414,
                "avg": 0.04902429580688476,
                "from": 17,
                "to": 17
            },
            "18": {
                "first": 0.01803898811340332,
                "avg": 0.01558467149734497,
                "from": 18,
                "to": 18
            },
            "19": {
                "first": 0.03715062141418457,
                "avg": 0.03368257284164429,
                "from": 19,
                "to": 19
            },
            "20": {
                "first": 0.014213085174560547,
                "avg": 0.02217233180999756,
                "from": 20,
                "to": 20
            },
            "21": {
                "first": 0.06329798698425293,
                "avg": 0.048739051818847655,
                "from": 21,
                "to": 21
            },
            "22": {
                "first": 0.015118837356567383,
                "avg": 0.013211655616760253,
                "from": 22,
                "to": 22
            },
            "23": {
                "first": 0.05125069618225098,
                "avg": 0.05563021898269653,
                "from": 23,
                "to": 23
            },
            "24": {
                "first": 0.015305042266845703,
                "avg": 0.022341883182525633,
                "from": 24,
                "to": 24
            },
            "25": {
                "first": 0.06505966186523438,
                "avg": 0.05001411437988281,
                "from": 25,
                "to": 25
            },
            "26": {
                "first": 0.015112876892089844,
                "avg": 0.013164663314819336,
                "from": 26,
                "to": 26
            },
            "27": {
                "first": 0.012452363967895508,
                "avg": 0.009878909587860108,
                "from": 27,
                "to": 27
            },
            "28": {
                "first": 0.020224332809448242,
                "avg": 0.02104966640472412,
                "from": 28,
                "to": 28
            },
            "29": {
                "first": 0.010414361953735352,
                "avg": 0.006583642959594726,
                "from": 29,
                "to": 29
            },
            "30": {
                "first": 0.022690773010253906,
                "avg": 0.021444880962371828,
                "from": 30,
                "to": 30
            },
            "31": {
                "first": 0.0074498653411865234,
                "avg": 0.00640401840209961,
                "from": 31,
                "to": 31
            },
            "32": {
                "first": 0.020277976989746094,
                "avg": 0.021848106384277345,
                "from": 32,
                "to": 32
            },
            "33": {
                "first": 0.0074939727783203125,
                "avg": 0.006410121917724609,
                "from": 33,
                "to": 33
            },
            "34": {
                "first": 0.020232439041137695,
                "avg": 0.02104412317276001,
                "from": 34,
                "to": 34
            },
            "35": {
                "first": 0.010428190231323242,
                "avg": 0.0066056370735168455,
                "from": 35,
                "to": 35
            },
            "36": {
                "first": 0.005388736724853516,
                "avg": 0.005650031566619873,
                "from": 36,
                "to": 36
            },
            "37": {
                "first": 0.005309104919433594,
                "avg": 0.005072319507598877,
                "from": 37,
                "to": 37
            },
            "38": {
                "first": 0.004868745803833008,
                "avg": 0.004879021644592285,
                "from": 38,
                "to": 38
            },
            "39": {
                "first": 0.7772119045257568,
                "avg": 0.7730885028839112,
                "from": 39,
                "to": 39
            },
            "40": {
                "first": 0.010810613632202148,
                "avg": 0.0041994452476501465,
                "from": 40,
                "to": 40
            },
            "41": {
                "first": 0.09427380561828613,
                "avg": 0.0957445502281189,
                "from": 41,
                "to": 41
            },
            "42": {
                "first": 0.005005359649658203,
                "avg": 0.0041570901870727536,
                "from": 42,