{
    "cold-run-mode": {
        "raw": {
            "first": 1.2709531784057617,
            "avg": 1.2820821285247803
        },
        "sequentially": {
            "first": 3.2639474868774414,
            "avg": 3.2127469897270204
        },
        "childs": {
            "0": {
                "first": 0.1540088653564453,
                "avg": 0.15544769763946534
            },
            "1": {
                "first": 0.16891121864318848,
                "avg": 0.17097086906433107
            },
            "2": {
                "first": 0.23217272758483887,
                "avg": 0.23161828517913818
            },
            "3": {
                "first": 0.1697683334350586,
                "avg": 0.17127888202667235
            },
            "4": {
                "first": 0.07008910179138184,
                "avg": 0.07139571905136108
            },
            "5": {
                "first": 0.1004178524017334,
                "avg": 0.10146714448928833
            },
            "6": {
                "first": 0.08971261978149414,
                "avg": 0.09000197649002076
            },
            "7": {
                "first": 0.12537598609924316,
                "avg": 0.12099714279174804
            },
            "8": {
                "first": 0.08824515342712402,
                "avg": 0.08894444704055786
            },
            "9": {
                "first": 0.027822494506835938,
                "avg": 0.033146131038665774
            },
            "10": {
                "first": 0.06071639060974121,
                "avg": 0.06095125675201416
            },
            "11": {
                "first": 0.04808664321899414,
                "avg": 0.04898390769958496
            },
            "12": {
                "first": 0.08180546760559082,
                "avg": 0.07686105966567994
            },
            "13": {
                "first": 0.04781675338745117,
                "avg": 0.047851598262786864
            },
            "14": {
                "first": 0.0736703872680664,
                "avg": 0.075363290309906
            },
            "15": {
                "first": 0.04798626899719238,
                "avg": 0.047877180576324466
            },
            "16": {
                "first": 0.07447528839111328,
                "avg": 0.07648371458053589
            },
            "17": {
                "first": 0.048470497131347656,
                "avg": 0.04842463731765747
            },
            "18": {
                "first": 0.016281843185424805,
                "avg": 0.015283572673797607
            },
            "19": {
                "first": 0.040670156478881836,
                "avg": 0.035308241844177246
            },
            "20": {
                "first": 0.01391744613647461,
                "avg": 0.013238811492919922
            },
            "21": {
                "first": 0.05803990364074707,
                "avg": 0.055749285221099856
            },
            "22": {
                "first": 0.014475107192993164,
                "avg": 0.018603861331939697
            },
            "23": {
                "first": 0.04906654357910156,
                "avg": 0.0570904016494751
            },
            "24": {
                "first": 0.016429901123046875,
                "avg": 0.01529308557510376
            },
            "25": {
                "first": 0.06940221786499023,
                "avg": 0.0562530517578125
            },
            "26": {
                "first": 0.015758275985717773,
                "avg": 0.014191508293151855
            },
            "27": {
                "first": 0.010167837142944336,
                "avg": 0.010255324840545654
            },
            "28": {
                "first": 0.020947694778442383,
                "avg": 0.021919262409210206
            },
            "29": {
                "first": 0.007702827453613281,
                "avg": 0.006585359573364258
            },
            "30": {
                "first": 0.020978450775146484,
                "avg": 0.021773040294647217
            },
            "31": {
                "first": 0.00791168212890625,
                "avg": 0.006826531887054443
            },
            "32": {
                "first": 0.02320694923400879,
                "avg": 0.02201484441757202
            },
            "33": {
                "first": 0.00784611701965332,
                "avg": 0.0066056370735168455
            },
            "34": {
                "first": 0.020834922790527344,
                "avg": 0.021547114849090575
            },
            "35": {
                "first": 0.007896661758422852,
                "avg": 0.006997990608215332
            },
            "36": {
                "first": 0.005457639694213867,
                "avg": 0.005218994617462158
            },
            "37": {
                "first": 0.004470348358154297,
                "avg": 0.004345548152923584
            },
            "38": {
                "first": 0.0043447017669677734,
                "avg": 0.004301440715789795
            },
            "39": {
                "first": 0.8062515258789062,
                "avg": 0.796733283996582
            },
            "40": {
                "first": 0.010614633560180664,
                "avg": 0.0036444902420043946
            },
            "41": {
                "first": 0.10516715049743652,
                "avg": 0.1053435206413269
            },
            "42": {
                "first": 0.004414081573486328,
                "avg": 0.0035962820053100585
            },
            "43": {
                "first": 0.014664649963378906,
                "avg": 0.018554103374481202
            }
        }
    },
    "throughout-mode": {
        "raw": {
            "avg": 0.03915512164433797
        },
        "childs": {
            "0": {
                "avg": 0.07313817342122396
            },
            "1": {
                "avg": 0.1006858229637146
            },
            "2": {
                "avg": 0.10145311752955119
            },
            "3": {
                "avg": 0.0966300129890442
            },
            "4": {
                "avg": 0.045975287755330406
            },
            "5": {
                "avg": 0.0443031390508016
            },
            "6": {
                "avg": 0.04877639611562093
            },
            "7": {
                "avg": 0.05440911849339803
            },
            "8": {
                "avg": 0.05047701994578044
            },
            "9": {
                "avg": 0.021313607692718506
            },
            "10": {
                "avg": 0.023778915405273438
            },
            "11": {
                "avg": 0.02597374121348063
            },
            "12": {
                "avg": 0.029329288005828857
            },
            "13": {
                "avg": 0.025914525985717772
            },
            "14": {
                "avg": 0.02960521380106608
            },
            "15": {
                "avg": 0.026019521554311118
            },
            "16": {
                "avg": 0.0296760360399882
            },
            "17": {
                "avg": 0.025887771447499593
            },
            "18": {
                "avg": 0.010924983024597167
            },
            "19": {
                "avg": 0.009579765796661376
            },
            "20": {
                "avg": 0.009956685702006023
            },
            "21": {
                "avg": 0.012985475858052571
            },
            "22": {
                "avg": 0.009990815321604412
            },
            "23": {
                "avg": 0.012896339098612467
            },
            "24": {
                "avg": 0.009877296288808186
            },
            "25": {
                "avg": 0.01308298905690511
            },
            "26": {
                "avg": 0.00987778902053833
            },