{
    "cold-run-mode": {
        "raw": {
            "first": 2.152918815612793,
            "avg": 1.2506165146827697,
            "from": 0,
            "to": 43
        },
        "sequentially": {
            "first": 1.2465274333953857,
            "avg": 1.254839336872101,
            "from": 0,
            "to": 43
        },
        "childs": {
            "0": {
                "first": 0.19420075416564941,
                "avg": 0.19455089569091796,
                "from": 0,
                "to": 18
            },
            "1": {
                "first": 1.064422845840454,
                "avg": 1.0541085004806519,
                "from": 19,
                "to": 43
            }
        }
    },
    "throughout-mode": {
        "raw": {
            "avg": 0.03894944985707601,
            "from": 0,
            "to": 43
        },
        "childs": {
            "0": {
                "avg": 0.023910343647003174,
                "from": 0,
                "to": 18
            },
            "1": {
                "avg": 0.01868282159169515,
                "from": 19,
                "to": 43
            }
        }
    }
}