{
    "cold-run-mode": {
        "raw": {
            "first": 2.1632776260375977,
            "avg": 1.2344895482063294,
            "from": 0,
            "to": 43
        },
        "sequentially": {
            "first": 1.316136121749878,
            "avg": 1.2992655277252196,
            "from": 0,
            "to": 43
        },
        "childs": {
            "0": {
                "first": 0.1118168830871582,
                "avg": 0.11799359321594238,
                "from": 0,
                "to": 9
            },
            "1": {
                "first": 0.10892796516418457,
                "avg": 0.11038644313812256,
                "from": 10,
                "to": 18
            },
            "2": {
                "first": 1.0410192012786865,
                "avg": 1.0994224429130555,
                "from": 19,
                "to": 43
            }
        }
    },
    "throughout-mode": {
        "raw": {
            "avg": 0.039127516746521,
            "from": 0,
            "to": 43
        },
        "childs": {
            "0": {
                "avg": 0.01593787670135498,
                "from": 0,
                "to": 9
            },
            "1": {
                "avg": 0.016427977879842123,
                "from": 10,
                "to": 18
            },
            "2": {
                "avg": 0.01874566078186035,
                "from": 19,
                "to": 43
            }
        }
    }
}