{
    "cold-run-mode": {
        "raw": {
            "first": 3.551630735397339,
            "avg": 1.254146945476532,
            "from": 0,
            "to": 43
        },
        "sequentially": {
            "first": 1.3503057956695557,
            "avg": 1.324298346042633,
            "from": 0,
            "to": 43
        },
        "childs": {
            "0": {
                "first": 0.1579122543334961,
                "avg": 0.16731631755828857,
                "from": 0,
                "to": 11
            },
            "1": {
                "first": 0.211517333984375,
                "avg": 0.21096744537353515,
                "from": 12,
                "to": 23
            },
            "2": {
                "first": 0.1108095645904541,
                "avg": 0.10904213190078735,
                "from": 24,
                "to": 35
            },
            "3": {
                "first": 0.9168992042541504,
                "avg": 0.8785330057144165,
                "from": 36,
                "to": 43
            }
        }
    },
    "throughout-mode": {
        "raw": {
            "avg": 0.039391430219014485,
            "from": 0,
            "to": 43
        },
        "childs": {
            "0": {
                "avg": 0.028315202395121256,
                "from": 0,
                "to": 11
            },
            "1": {
                "avg": 0.029662120342254638,
                "from": 12,
                "to": 23
            },
            "2": {
                "avg": 0.012133081754048666,
                "from": 24,
                "to": 35
            },
            "3": {
                "avg": 0.0021021326382954916,
                "from": 36,
                "to": 43
            }
        }
    }
}